DEPARTAMENTO,MUNICIPIO,NOMBRE DE ORGANIZACIÓN,NIT,FECHA DE CONSTITUCIÓN,TELÉFONO,CADENA O SISTEMA  PRODUCTIVO,ACTIVIDAD AGROPECUARIA,PRODUCTOS
SANTANDER,AGUADA,ASOPROAGUADA,901206911-9,08/24/2018 12:00:00 AM,3123132860,FRUTAS- GANADERIA - CAFÉ,AGROPECUARIA,GRANADILLA- CAFÉ- GANADERIA
SANTANDER,ALBANIA,ASOPROMILCA,901087363-0,06/09/2017 12:00:00 AM,3142994861,LECHE,PECUARIA,LECHE CRUDA
SANTANDER,ALBANIA,ASOHATILO,890200110-1,02/06/2019 12:00:00 AM,3504720360,LECHE,PECUARIA,LECHE CRUDA
SANTANDER,ALBANIA,AGROALBAN,900628207-9,10/12/2012 12:00:00 AM,3138384369,GUAYABA,AGRICOLA,FRUTAS
SANTANDER,ALBANIA,AGROCOLPITAHAYA,900830868-1,04/09/2014 12:00:00 AM,3105533792,PITHAYA,AGRICOLA,PITAHATYA
SANTANDER,ALBANIA,ASOGALECA,900638839-6,07/25/2013 12:00:00 AM,3106695597,LECHE,PECUARIA,LECHE CRUDA
SANTANDER,ARATOCA,ASOCIACION DE PRODUCTORES HORTOFRUTICOLA DE LA VEREDA CLAVELLINA MUNICIPIO DE AROTOCA,901004664-7,09/01/2016 12:00:00 AM,3144316006,CITRICOLA,AGRICOLA,LIMON
SANTANDER,BARBOSA,AMUCBAR - ASOCIACIÓN DE MUJERES CAMPESINAS DE BARBOSA,804014967-4,08/07/1998 12:00:00 AM,3213249920,FRUTAS Y VERDURAS,AGRICOLA,"FRUTAS Y VERDURAS, ESPECIES MENORES"
SANTANDER,BARBOSA,ASOGUAYABAR - ASOCIACIÓN DE PRODUCTORES DE GUAYABA DE BARBOSA,901018178-1,11/05/2015 12:00:00 AM,3114993679,GUAYABA,AGRICOLA,"GUAYABA, CEFÉ Y PLÁTANO"
SANTANDER,BARICHARA,ASOCIACION MUJERES CAMPESINAS,804011995-7,11/27/1997 12:00:00 AM,3172787182,FRUTAS Y VERDURAS,AGRICOLA,"HORTALIZAS, AGUACATE, MANGO"
SANTANDER,BARICHARA,AGROHELENA ASOCIACION DE PEQUEÑOS Y MEDIANOS PRODUCTORES DE LA VEREDA SANTA HELENA,900911211-1,07/06/2000 12:00:00 AM,3152532139,FRUTAS Y VERDURAS,AGRICOLA,"CITRICOS, FRUTAS Y HORTALIZAS"
SANTANDER,BARRANCABERMEJA,ASOCIACION PESCADORES DEL MAGDALENA MEDIO,900.037.508-4,07/25/2005 12:00:00 AM,321 239 0548,PESCA ARTESANAL,PESCA,"BOCACHICO-DONCELLA - NICURO- ARENCA PACORA, ETC"
SANTANDER,BARRANCABERMEJA,ASOCIACION PESQUERA TERMO GALAN,900.879.177-2,07/15/2016 12:00:00 AM,3107689469,PESCA ARTESANAL,PESCA,"BOCACHICO-DONCELLA - NICURO- ARENCA PACORA, ETC"
SANTANDER,BARRANCABERMEJA,ASOCIACION PESQUERA CAMPO GALAN,900.937.977-7,08/11/2018 12:00:00 AM,3102137481,PESCA ARTESANAL,PESCA,"BOCACHICO-DONCELLA - NICURO- ARENCA PACORA, ETC"
SANTANDER,BARRANCABERMEJA,ASOCIACION PESQUERA DE NUEVA VENECIA,900.953.799-1,03/28/2016 12:00:00 AM,3202736565,PESCA ARTESANAL,PESCA,"BOCACHICO-DONCELLA - NICURO- ARENCA PACORA, ETC"
SANTANDER,BARRANCABERMEJA,ASOCIACION DE BAGREROS DE BARRANCABERMEJA,900.303.022-8,02/05/2009 12:00:00 AM,3118228626,PESCA ARTESANAL,PESCA,BAGRE
SANTANDER,BARRANCABERMEJA,ASOCIACION  DE PESCADORES DE LA COMUNA UNO,900.952.831-3,08/06/2015 12:00:00 AM,3228188572,PESCA ARTESANAL,PESCA,"BOCACHICO-DONCELLA - NICURO- ARENCA PACORA, ETC"
SANTANDER,BARRANCABERMEJA,ASOCIACION CENTRO DE DESARROLLO PESQUERO CAMPO GALAN,900.949.917-7,12/03/2016 12:00:00 AM,3106138414,PESCA ARTESANAL,PESCA,"BOCACHICO-DONCELLA - NICURO- ARENCA PACORA, ETC"
SANTANDER,BARRANCABERMEJA,ASOCIACION DE PESCADORES Y TRABAJADORES AGROPECUARIOS Y DE SERVICIOS MULTIPLES DEL RIO SOGAMOSO,900.234.974-8,08/13/2008 12:00:00 AM,3204117198,PESCA ARTESANAL,PESCA,"BOCACHICO-DONCELLA - NICURO- ARENCA PACORA, ETC"
SANTANDER,BARRANCABERMEJA,ASOCIACION MULTIACTIVA DE PESCADORES Y TRABAJADORES PUERTO DE LA CHAVA,900.072.950-5,03/01/2006 12:00:00 AM,3203230660,PESCA ARTESANAL,PESCA,"BOCACHICO-DONCELLA - NICURO- ARENCA PACORA, ETC"
SANTANDER,BARRANCABERMEJA,ASOCIACION DE PESCADORES DEL NORORIENTE DEL MUNICIOPIO DE BARRANCABERMEJA,829.001.780-9,10/01/1999 12:00:00 AM,3156277303,PESCA ARTESANAL,PESCA,"BOCACHICO-DONCELLA - NICURO- ARENCA PACORA, ETC"
SANTANDER,BARRANCABERMEJA,ASOCIACION DE PESCADORES PRODUCTORES AGROPECUARIOS  DEL CAÑO SAN SILVESTRE,900.772.884-0,09/22/2014 12:00:00 AM,3214870579,PESCA ARTESANAL,PESCA,"BOCACHICO-DONCELLA - NICURO- ARENCA PACORA, ETC"
SANTANDER,BARRANCABERMEJA,ASOCIACION DE PESCADORES DE LA COMUNA 3,829.002.029-1,07/05/2000 12:00:00 AM,313 878 0379,PESCA ARTESANAL,PESCA,"BOCACHICO-DONCELLA - NICURO- ARENCA PACORA, ETC"
SANTANDER,BARRANCABERMEJA,COOPERATIVA DE PESCADORES DE LA CIENAGA SAN SILVESTRES LTDA,800.200.659-3,06/03/2017 12:00:00 AM,3113186640,PESCA ARTESANAL,PESCA,"BOCACHICO-DONCELLA - NICURO- ARENCA PACORA, ETC"
SANTANDER,BARRANCABERMEJA,ASOCIACION DE PESCADORES ARTESANALES Y AGRICULTORES EL CORREGIMIENTO EL LLANITO,800.185.468-9,03/05/2008 12:00:00 AM,3118659974,PESCA ARTESANAL,PESCA,"BOCACHICO-DONCELLA - NICURO- ARENCA PACORA, ETC"
SANTANDER,BARRANCABERMEJA,ASOCIACION DE PESCADORES DE LA CIENAGA JUAN ESTEBAN,900.281.579-1,04/24/2009 12:00:00 AM,3125407265,PESCA ARTESANAL,PESCA,"BOCACHICO-DONCELLA - NICURO- ARENCA PACORA, ETC"
SANTANDER,BARRANCABERMEJA,FUNDACION INTEGRAL MINERA DEL MAGDALENA MEDIO,900.908.577-0,11/12/2015 12:00:00 AM,3232330015,PESCA ARTESANAL,PESCA,"BOCACHICO-DONCELLA - NICURO- ARENCA PACORA, ETC"
SANTANDER,BARRANCABERMEJA,ASOCIACION DE PESCADORES DE LA CIRA INFANTAS LCI,900.703.026-3,02/19/2014 12:00:00 AM,3187246902,PESCA ARTESANAL,PESCA,"BOCACHICO-DONCELLA - NICURO- ARENCA PACORA, ETC"
SANTANDER,BARRANCABERMEJA,ASOCIACION DE PESCADORES AGRICULTORES DEL CORREGIMIENTO CIENAGA DEL OPON,901.008.256-6,05/10/2018 12:00:00 AM,3142698967,PESCA ARTESANAL,PESCA,"BOCACHICO-DONCELLA - NICURO- ARENCA PACORA, ETC"
SANTANDER,BARRANCABERMEJA,ASOCIACION DE PÉSCADORES DE SAN RAFAEL DE CHUCURI,900.011.907-7,03/02/2015 12:00:00 AM,3132495402,PESCA ARTESANAL,PESCA,"BOCACHICO-DONCELLA - NICURO- ARENCA PACORA, ETC"
SANTANDER,BARRANCABERMEJA,ASOCIACION DE PRODUCTORES DE POLLOS Y PECES DE EL CORREGIMIENTO EL CENTRO,829.001.803-1,11/04/1999 12:00:00 AM,3112426917,ESPECIES MENORES (PISCICULTURA Y AVICOLA),PECUARIA,POLLOS -CACHAMA - MOJARRA ROJA- BOCACHICO
SANTANDER,BARRANCABERMEJA,ASOCIACION PARA EL DESARROLLO RURAL BARRANQUEÑO,900.934.648-5,02/05/2016 12:00:00 AM,3144096605,CITRICOLA,AGRICOLA,LIMON CRIOLLO Y TAHITI NARANJA VALENCIA Y TANGELO
SANTANDER,BARRANCABERMEJA,ASOCIACION DE PRODUCTORES AGROPECUARIOS DEL LLANITO,900.033.093-3,01/09/2010 12:00:00 AM,3134054294,ESPECIES MENORES (PISCICULTURA-AVICOLA- PORCICOLA),PECUARIA,POLLOS DE ENGORDE-CACHAMA -MOJARRA ROJA-
SANTANDER,BARRANCABERMEJA,ASOCIACION DE PRODUCTORES AGROPECUARIOS DE PEROLES Y ZARZAL,900.325.849-6,03/15/2014 12:00:00 AM,3156252123,PISCICULTURA,PECUARIA,CACHAMA Y MOJARRA ROJA
SANTANDER,BARRANCABERMEJA,ASOCIACION DE COMERCIANTES SECTOR RAMPA BARRANCABERMEJA,900.087.969-1,06/02/2006 12:00:00 AM,3167577259,PESCA ARTESANAL,PESCA,COMERCIALIZACION DE ESPECIES NATIVAS
SANTANDER,BARRANCABERMEJA,"FEDERACION INTEGRAL DE PESCADORES Y PISCICULTORES AGRICOLAS DEL COMPLEJO SAN SILVESTRE DEL MUNICIPIO DE BARRANCABERMEJA ""FEIPPACS""",900.981.054-0,06/16/2016 12:00:00 AM,3203230660,PESCA ARTESANAL,PESCA,"BOCACHICO-DONCELLA - NICURO- ARENCA PACORA, ETC"
SANTANDER,BARRANCABERMEJA,"ASOCIACION DE PEQUEÑOS Y MEDIANOS PRODUCTORES AGROPECUARIOS DE CAMPO GALA ""AGROGALA""",37720861,06/19/1905 12:00:00 AM,3104868012,PALMICULTURA,AGRICOLA,COROZO DE PALMA ACEITERA
SANTANDER,BARRANCABERMEJA,"ASOCIACION DE PEQUEÑOS PALMICULTORES DE LA VIZCAINA "" ASOPALVI""",829.003.617-5,05/20/2003 12:00:00 AM,3214562875,PALMICULTURA,AGRICOLA,COROZO DE PALMA ACEITERA
SANTANDER,BARRANCABERMEJA,"ASOCIACION DE PEQUEÑOS PALMICULTORES DE BARRANCABERMEJA "" ASOPALBA""",900.114.240-6,10/26/2006 12:00:00 AM,3177236334,PALMICULTURA,AGRICOLA,COROZO DE PALMA ACEITERA
SANTANDER,BARRANCABERMEJA,"ASOCIACION DE HEVEICULTORES Y FORESTADORES DE BARRANCABERMEJA ""ASOHEBA""",900.024.445-2,05/20/2005 12:00:00 AM,3112261339,CAUCHERA,AGRICOLA,LATEX Y RIPIO
SANTANDER,BARRANCABERMEJA,"ASOCIACION AGROPECUARIA RIO OPON ""AGRO""",900.800.309-8,12/11/2014 12:00:00 AM,3227654413,CACAO - PANCOGER,AGRICOLA,CACAO PLATANO MAIZ -GUANABANA ETC
SANTANDER,BARRANCABERMEJA,SOAGAN SOCIEDAD DE AGRICULTORES Y GANADEROS DEL MAGDALENA MEDIO,900.658.485-8,09/25/2013 12:00:00 AM,3108818847,CARNICA Y LACTEA,PECUARIA,CARNE Y LECHE
SANTANDER,BARRANCABERMEJA,FEDERACION AGROPECUARIA DE BARRANCABERMEJA Y EL MAGDALENA MEDIO FEDAGRO,890.270.119-4,02/04/1998 12:00:00 AM,3124347011,CARNICA Y LACTEA,PECUARIA,CARNE Y LECHE
SANTANDER,BARRANCABERMEJA,"ASOCIACION DE MUJERES CABEZA DE FAMILIA DEL SECTOR RURAL DEL MUNICIPIO DE BARRACANBERMEJA ""ASMUCAB""",829.002.116-2,05/04/2000 12:00:00 AM,3124770056,PALMICULTURA,AGRICOLA,COROZO DE PALMA ACEITERA
SANTANDER,BARRANCABERMEJA,"ASOCIACIO DE MUJERES TRABAJADORAS DE EL CENTRO ""AMUTRACEN""",800.201.551-1,07/22/1997 12:00:00 AM,3164629454,ESPECIES MENORES (PISCICULTURA-AVICOLA- PORCICOLA),PECUARIA,POLLOS DE ENGORDE-CACHAMA -MOJARRA ROJA- PORCINOS
SANTANDER,BARRANCABERMEJA,ASOCIACION  DE PISCICULTORES DE TABLA ROJA,901.373497-5,03/03/2020 12:00:00 AM,3134054294,PISCICULTURA,PECUARIA,CACHAMA -MOJARRA ROJA
SANTANDER,BETULIA,ASOGAMOSO (ASOCIACION DE PESCADORES ARTESANALES DE TIENDA NUEVA),900512643-8,11/04/2018 12:00:00 AM,3154085445,PESCA ARTESANAL,ACUICOLA,PESCADO
SANTANDER,BETULIA,ASUFRUCTOS (ASOCIACION DE EMPRENDEDORES POR UN FUTURO),900898802-9,10/19/2019 12:00:00 AM,3134753810,FRUTAS - TUBERCULOS-PESCADO,AGROPECUARIA,GUAYABA- PAPAYA-YUCA PLATANO-PESCADO
SANTANDER,BETULIA,ASOCOPAF (ASOCIACION DE COMERCIANTES Y PRODUCTORES PISICOLAS Y FRUCTICOLAS DEL ORIENTE COLOMBIANO),900023169-1,06/02/2018 12:00:00 AM,3188283966,FRUTAS - PESCA,AGROPECUARIA,GUAYABA- PAPAYA-PLATANO-PESCADO
SANTANDER,BETULIA,"ASPET (ASOCIACION PESQUERA, AGRICOLA, ECO TURISTICA, DEPORTIVA, CULTURAL, INDUSTRIAL, Y COMERCIAL DEL TABLAZO.)",900941956-8,04/03/2016 12:00:00 AM,31325155486,PESCA ARTESANAL,ACUICOLA,PESCADO
SANTANDER,BETULIA,"AGROPESTURCHI (ASOCIACION AGROPECUARIA, PESQUERA Y TIRISTICA CHIMITA.)",900777259-1,09/29/2017 12:00:00 AM,3166944398,PESCA,ACUICOLA,PESCADO
SANTANDER,BETULIA,ASOPESVESA (ASICIACVION DE PESCADORES DE LA VEGAS DEL MUNICIPIO DE BETULIA SANTANDER),901038572-4,12/27/2016 12:00:00 AM,3002473737,PESCA ARTESANAL,ACUICOLA,PESCADO
SANTANDER,BETULIA,ASOAGROPEZPLAYA (ASOCIACION DE AGRICULTORES Y PESCADORES DE LA PLAYA),900436944-4,02/21/2018 12:00:00 AM,3188246300,TUBERCULOS-PESCA,AGROPECUARIA,YUCA- PLATANO-PESCADO
SANTANDER,BETULIA,"ASOCHOCAS (ASOCIACION AGRICOLA, ACUICULTURA , PESCA ARTESANAL, ECO TURISTICA, DEPORTIVA Y CULTURAL DEL SOGAMOSO Y CHICURI)",90089164-5,10/15/2020 12:00:00 AM,3184477579,TUBERCULOS-PESCA ARTESANAL,AGROPECUARIA,YUCA- PLATANO-PESCADO
SANTANDER,BETULIA,ASOPERISO (ASOCIACION DE PESCADORES DEL RIO SOGAMOSO SECTOR LA PLAYA),900217286-7,10/16/2020 12:00:00 AM,3154789096,PESCA ARTESANAL,ACUICOLA,PESCADO
SANTANDER,BETULIA,"APROESTRELLA (ASOCIACION DE PESCADORES, PRODUCTORES AGROPECUARIOS Y DE SERVICIO TURISTICO LA ESTRELLA DEL MUNICIPIO DE BETULIA.)",900408637-9,10/17/2020 12:00:00 AM,3202453275,TUBERCULOS-PESCA ARTESANAL,AGROPECUARIA,YUCA- PLATANO-PESCADO
SANTANDER,BETULIA,FEDEPESCAS (FEDERACION DE PESCADORES Y PRODUCTORES AGROPECUARIOS DEL EMBALSE TOPOCORO Y RIO SOGAMOSO),901078732-7,10/18/2020 12:00:00 AM,3165321953,FRUTAS - TUBERCULOS-PESCADO,AGROPECUARIA,GUAYABA- PAPAYA-YUCA PLATANO-PESCADO
SANTANDER,BETULIA,APROB  (ASOCIACION PRO DESAROTO DE BETULIA SANTADER),800131967-0,10/19/1996 12:00:00 AM,3108788587,HORTALIZAS,AGRICOLA,TOMATE - PIMENTON- CEBOLLA-LECHUGA
SANTANDER,BETULIA,ASOAGROPESCABA (ASOCIACION AGROPECUARIA Y PESQUERA DEL SECTOR CASA DE BARRO),901056442-1,10/20/2020 12:00:00 AM,3178462092,TUBERCULOS-PESCA ARTESANAL,AGROPECUARIA,YUCA- PLATANO-PESCADO
SANTANDER,BETULIA,CORPEZRAMO (COREPORACION DE PEZCADORES DEL RAMO),900914335-1,04/27/2017 12:00:00 AM,3165321953,PESCA ARTESANAL,ACUICOLA,PESCADO
SANTANDER,BETULIA,ASMEBET (ASOCICION DE MADRES EMPREDEDORAS DE TIENDA NUEVA),90123650-1,10/12/2018 12:00:00 AM,3158184926,PESCA ARTESANAL,ACUICOLA,PESCADO
SANTANDER,BOLIVAR,ASOCIACIÓN DE PRODUCTORES AGROPECUARIOS DEL MUNICIPIO DE BOLÍVAR. ASOCAÑIBOL,804013496-2,06/17/2002 12:00:00 AM,3133684808,CAÑA,AGRICOLA,"PANELA, MELASA"
SANTANDER,BOLIVAR,ASOCIACIÓN CAMPESINA DE PRODUCTORES DE BERBEO. ASOFRUTIBER,900668300-7,05/02/2013 12:00:00 AM,3112614513,MORA,AGRICOLA,MORA EN CANASTILLA
SANTANDER,BOLIVAR,ASOCIACIÓN DE PRODUCTORES GANADEROS DE LA HERMOSURA - ASOGAHER.,900327052-2,12/03/2009 12:00:00 AM,3105588082,LECHE,PECUARIA,"QUESO, LECHE"
SANTANDER,BOLIVAR,ASOCIACIÓN GENERADORA DE ALTERNATIVAS DE DESARROLLO PARA SANTA ROSA,900238761-4,09/04/2008 12:00:00 AM,3203723985,CACAO,AGRICOLA,CACAO SECO
SANTANDER,BOLIVAR,ASOCIACIÓN DE PRODUCTORES AGRÍCOLAS Y PECUARIOS DEL MUNICIPIO DE BOLÍVAR-SANTANDER.,901003388-4,08/29/2016 12:00:00 AM,3133470959,GUAYABA,AGRICOLA,GUAYABA EN CANASTILLA
SANTANDER,BOLIVAR,ASOCIACION AGROINDUSTRIAL EMPRENDENDORES DEL MEDIO BOLIVAR,901226554-8,10/30/2018 12:00:00 AM,3132544432,CACAO,AGRICOLA,CACAO SECO
SANTANDER,BOLIVAR,ASOCIACION DE PRODUCTORES   AGROINDUSTRIALES DE LA CABECERA DEL RIO HORTA,901095233-5,07/07/2017 12:00:00 AM,3118833484,CACAO,AGRICOLA,CACAO SECO
SANTANDER,BOLIVAR,ASOCIACION DE PRODUCTORES DE CAFE DEL MUNICIPIO DE BOLIVAR SANTANDER,900118145-2,11/14/2006 12:00:00 AM,3203337296,CAFÉ,AGRICOLA,CAFÉ PERGAMINO SECO
SANTANDER,BOLIVAR,CORPORACIÓN ESCUELA CAMPESINA PARA LA DEMOCRACIA Y LA CONVIVENCIA.  IMPULSORA DEL DESARROLLO HUMANO INTEGRAL SOSTENIBLE.,900198782-6,08/05/2008 12:00:00 AM,311 2708090,HORTOFRUTICOLA,AGRICOLA,HORTALIZAS - FRUTALES
SANTANDER,BOLIVAR,ASOCIACIÓN CAMPESINA DE PRODUCTORES,804007284-3,03/09/1999 12:00:00 AM,3115018412,MORA,AGRICOLA,MORA EN CANASTILLA
SANTANDER,BUCARAMANGA,COOPERATIVA MULTIACTIVA DE PRODUCTORES AGROPECUARIOS DE BUCARAMANGA - ECOPRODUCTIVA,901378794-0,03/19/2020 12:00:00 AM,3157267606,CITRICOLA,AGRICOLA,LIMON TAHITI
SANTANDER,CABRERA,CORPORACION PARA EL DESARROLLO AGRICOLA Y PECUARIO DE CABRERA,900261465-5,06/16/2008 12:00:00 AM,3219929030,GANADERIA,PECUARIA,LECHE
SANTANDER,CAPITANEJO,ASOCIACION DE MUJERES CAMPESINAS,804014411-1,12/17/2018 12:00:00 AM,3132500233,FRUTALES,AGRICOLA,PITAHAYA
SANTANDER,CAPITANEJO,ASOCIACION DE CAPRICULTORES DE CAPITANEJO SANTANDER  - ASOCAPRICA,900046109-7,08/21/2005 12:00:00 AM,3102356648,CAPRICULTURA,PECUARIA,CAPRINOS
SANTANDER,CAPITANEJO,ASOCIACION DE VICTIMAS Y PRODUCTORES AGROPECUARIOS DE CAPITANEJO - ASOVIPROCAPI,901025091-7,11/08/2016 12:00:00 AM,3142118817,AVICULTURA,PECUARIA,POLLOS
SANTANDER,CAPITANEJO,ASOCIACION DE CAPRINOCULTORES Y PRODUCTORES AGROPECUARIOS DE CAPITANEJO ASOCAPRINOS CASABLANCA,900836495-5,03/22/2015 12:00:00 AM,3209888305,CAPRICULTURA,PECUARIA,CAPRINOS
SANTANDER,CARCASI,"ASOCIACION DE MUJERES CAMPESINAS, EMPRENDEDORAS DE LAGUNILLAS VEREDA SAN LUIS SECTOR ASTILLAL",900113584-1,02/09/2009 12:00:00 AM,3144636750,AGRICOLA,AGRICOLA,"ALVERJA, MORA, LULO, TOMATE, CURUBA"
SANTANDER,CARCASI,"ASOCIACION DE FRUTICULTORES DEL MUNICIPIO DE CARCASI, ASOFRUTICAR",900278292-2,10/05/2008 12:00:00 AM,3196525430,FRUTAS,AGRICOLA,UCHUVAS
SANTANDER,CARCASI,ASOCIACION DE MUJERES CAMPESINAS EMPRENDEDORAS AL FUTURO (ASOMUCEFUC),901197796-8,07/18/2018 12:00:00 AM,3214125798,ESPECIES MENORES,PECUARIA,"POLLOS, CODORNIZ, TRUCHAS"
SANTANDER,CARCASI,ASOCIACION DE PAPICULTORES ASOPACAR DE CARCASI,900631879-9,03/01/2013 12:00:00 AM,3124755616,PAPA,AGRICOLA,PAPA
SANTANDER,CARCASI,ASOCIACION DE GANADEROS DEL MUNICIPIO DE CARCASI GENETICA DEL FUTURO,900157099-8,02/16/2007 12:00:00 AM,3133930282,GANADERIA,PECUARIA,MEJORAMIENTO GENETICO Y COMERCIALIZACION GANADERA
SANTANDER,CARCASI,COOPERATIVA MULTIACTIVA DE PRODUCTORES AGROPECUARIOS DE CARCASI,900040342-1,11/28/2004 12:00:00 AM,3124225551,PECUARIO,AGRICOLA,FRIJOL
SANTANDER,CEPITA,ASOCIACION DE CITRICOS DE CEPITA ASOCITRIC,901132995-8,11/23/2017 12:00:00 AM,3124779302,LIMON COMUN,AGRICOLA,"LIMÓN TAIHITI, COMUN"
SANTANDER,CERRITO,COOGANACER,900184617-8,11/19/2007 12:00:00 AM,3112090833,GANADERÍA,PECUARIA,COMERCIALIZACIÓN LECHE Y CARNE DE BOVINOS
SANATDNER,CERRITO,ASOPAGAR,900726500-2,04/30/2014 12:00:00 AM,3114993866,AGRICOLA,AGRICOLA,PAPA
SANTANDER,CERRITO,ASOFRUHOCER,900974282-4,05/25/2016 12:00:00 AM,3143224521,GRANADILLA,AGRICOLA,GRANADILLA
SANTANDER,CERRITO,ASOFRUC,9010174812,10/12/2016 12:00:00 AM,3203476903,"GRANADILLA, TOMATE DE ÁRBOL",AGRICOLA,GRANADILLA Y EL TOMATE DE ÁRBOL
SANTANDER,CERRITO,ASOCIACIÓN DE MUJERES CABEZA DE FAMILIA ESPERANZAS DEL PROGRESO DEL CERRITO,900325919,11/27/2009 12:00:00 AM,3102401132,"GRANADILLA, TOMATE DE ÁRBOL Y UCHUVA",AGRICOLA,"GRANADILLA, TOMATE DE ÁRBOL Y UCHUVAS"
SANTANDER,CERRITO,ASOCIACION LAGUNA NEGRA CRUZ DE SAN LORENZO,900915101,12/01/2015 12:00:00 AM,3115359793,DURANO Y GANADEERI,AGROPECUARIO,"DURAZNO, GANADERIA EN PIE Y LECHE"
SANTANDER,CHARALA,"ASOCIACION DE PRODUCTORES AGROPECUARIOS DE CHARALA ""ASPROCHARALA""",900202739-6,09/12/2006 12:00:00 AM,3114585941,"TOSTADO, EMPAQUE Y COMERCIALIZACION",AGRICOLA,CAFÉ MOLIDO
SANTANDER,CHARALA,"ASOCIACION GREMIAL DE PRODUCTORES AGROPECUARIOS DE RIACHUELO ""ASPRORIACHUELO""",900839647-1,06/23/2019 12:00:00 AM,3112572368,BENEFICIO Y COMERCIALIZACION,AGRICOLA,CAFÉ MOLIDO
SANTANDER,CHARALA,ASOCIACION DE GANADEROS DEL TAQUIZA Y PIENTA,900206118-8,10/12/1997 12:00:00 AM,3142380547,NUTRICION Y MEJORAMIENTO GENETICO,PECUARIA,GANADERIA
SANTANDER,CHARALA,"ASOCIACION DE MUJERES EMPREDEDORES EN AL AGRO DE CHARALA ""EL TREBOL""",900846906-3,04/24/2015 12:00:00 AM,3138532213,PRODUCCION Y COMERCIALIZACION,AGRICOLA,CAFÉ- DESHIDRATADOS
SANTANDER,CHARTA,ASOCHARTA,804017676-1,08/02/2004 12:00:00 AM,3118585157,HORTOFRUCTICOLA,AGRICOLA,MORA ORGÁNICA FRESCA
SANTANDER,CHARTA,FFRUTAL DELICIAS,900810699-8,01/20/2015 12:00:00 AM,3134077267,HORTOFRUCTICOLA,AGRICOLA,"ROLLITOS DE MORA DE FRUTAS, VINO DE MORA, CREMA DE WISKY. BOCADILLOS DE MORA, ROLLITOS DE MORA, PANADERÍA ARTESANAL, DERIVADOS LÁCTEOS, FRUTAS FRESCAS, HORTALIZAS Y VERDURAS."
SANTANDER,CHARTA,AGROUNIDOS POR CHARTA,900917623-1,12/14/2015 12:00:00 AM,3232211138,HORTOFRUCTICOLA,AGRICOLA,MORA FRESCA
SANTANDER,CHARTA,"MUJERES CAMPESINAS ""TIERRA Y VIDA""",900133601-2,06/16/2016 12:00:00 AM,3143550518,"HORTOFRUTÍCOLA, AVÍCOLA",AGROPECUARIA,"PRODUCCIÓN DE ABONO ORGÁNICO, HORTALIZAS Y LEGUMBRES ORGÁNICAS Y POLLO SEMICRIOLLO"
SANTANDER,CHARTA,"MUJERES CAMPESINAS ""HUELLAS DE AMOR, VIDA Y ESPERANZA""",901184008-6,04/26/2018 12:00:00 AM,3166923500,HORTOFRUCTICOLA,AGRICOLA,HORTALIZAS Y VERDURAS
SANTANDER,CHIPATA,AMORECH,900015742-7,03/23/2005 12:00:00 AM,3133434607,AGRICOLA,AGRICOLA,MORA
SANTANDER,CIMITARRA,ASOCIACION DE PROFESIONALES AL SERVICIO DEL SECTOR AGROPECUARIO MEDIO AMBIENTE Y LA AGROINDUSTRIA,9012088349,08/29/2018 12:00:00 AM,3153564513,AMBIENTAL,AMBIENTAL,AMBIENTAL
SANTANDER,CIMITARRA,ASOCIACION TECNICA AGROPECUARIA KILOMETRO 38,9011804342,05/11/2018 12:00:00 AM,3191865005,AGROPECUARIO,AGROPECUARIA,CACAO Y GANADO
SANTANDER,CIMITARRA,ASOCIACION AGRO PISCICOLA LOS MORROS,9011338171,11/22/2017 12:00:00 AM,3104700291,PECUARIO,PESCA,PESCA ARTESANAL
SANTANDER,CIMITARRA,ASOCIACION AGROPEZ DE LA PAZ,9010990580,07/21/2017 12:00:00 AM,3115225926,PECUARIO,PISCICOLA,PECES
SANTANDER,CIMITARRA,ASOCIACION DE PRODUCTORES AGROINDUSTRIALES DEL MAGDALENA MEDIO,9011024389,08/01/2017 12:00:00 AM,3224464420,AGRICOLA,AGRICOLA,SASHA-INCHI
SANTANDER,CIMITARRA,ASOCIACION DE PRODUCTORES AGROPECUARIOS DE CIMITARRA,9009337615,09/29/2015 12:00:00 AM,3209844871,AGROPECUARIO,AGROPECUARIA,CACAO Y GANADO
SANTANDER,CIMITARRA,CORPORACION DE PESCADORES DE PUERTO OLAYA,9004874316,12/09/2011 12:00:00 AM,3108949023,PECUARIO,PISCICOLA,PESCA ARTESANAL
SANTANDER,CIMITARRA,ASOCIACION AGROPECUARIA DE FRUTICULTORES CAMPESINOS DE CIMITARRA,9001022941,08/24/2006 12:00:00 AM,3102829662,GUANABANA,AGRICOLA,GUANABANA
SANTANDER,CIMITARRA,ASOCIACION DE PRODUCTORES AGROFORESTALES DE CIMITARRA SANTANDER,9000829389,05/05/2006 12:00:00 AM,3106286893,FORESTAL,AGROPECUARIA,SERVICIOS AMBIENTALES
SANTANDER,CIMITARRA,ASOCIACION DE PRODUCTORES AGROPECUARIOS E INDUSTRIALES DE COLOMBIA ASOPROLAN,8040094340,07/23/2005 12:00:00 AM,3209443508,CACAO,AGRICOLA,CACAO
SANTANDER,CIMITARRA,ASOCIACION DE PRODUCTORES AGROEMPRESARIALES Y ACUICOLAS DE COLOMBIA,8040176261,07/28/2004 12:00:00 AM,3102642663,PECUARIO,PISCICOLA,PECES
SANTANDER,CIMITARRA,ASOCIACION UNIFICADA DE CAMPESINOS DE COLOMBIA ASOUNICOL,8040176247,07/28/2004 12:00:00 AM,3162914208,CACAO,AGRICOLA,CACAO
SANTANDER,CIMITARRA,ASOCIACION DE CAMPESINOS AGROPECUARIOS DE CIMITARRA CACIM.,8040119119,09/13/2001 12:00:00 AM,3185359031,GANADERIA,PECUARIA,GANADO
SANTANDER,CIMITARRA,COMITE DE GANADEROS DE CIMITARRA COGACI,8040091124,06/27/2000 12:00:00 AM,3186163289,GANADERIA,PECUARIA,GANADO
SANTANDER,CONCEPCIÓN,"ASOCIACIÓN DE OVINOCULTORES, CAPRINOCULTORES Y PROFESIONALES DEL NORORIENTE COLOMBIANO ""ASOPACON""",900237214-2,08/27/2008 12:00:00 AM,3118479703,PRODUCCIÓN DE OVINOS Y CAPRINOS,PECUARIA,PRODUCCIÓN Y COMERCIALIZACIÓN DE OVINOS Y CAPRINOS
SANTANDER,CONCEPCIÓN,ASOCIACION DE HILANDERAS DEL MUNICIPIO DE CONCEPCION ASHILCO,900653612-4,06/17/2012 12:00:00 AM,3124658470,PRODUCCIÓN DE OVINOS,PECUARIA,PRODUCCION DE CARNE Y LANA OVINA
SANTANDER,CONFINES,ASOCIACION DE MUJERES CAFETERAS CONFINEÑAS (ASMUCACON),900729327-8,05/09/2014 12:00:00 AM,3178148337,CAFÉ,AGRICOLA,TRANSFORMACION CAFÉ
SANTANDER,CONFINES,ASOCIACION DE GANADEROS (CONFIGAN),900257196-3,12/17/2008 12:00:00 AM,3167122206,BOVINO,PECUARIA,GANADO
SANTANDER,CONTRATACION,ASOCIACION DE VICTIMAS DEL CONFLICTO ARMADO DE CONTRATACION. ASOVICONTRA,900858838-2,05/12/2015 12:00:00 AM,3208874190,AVICOLA,PECUARIA,HUEVOS
SANTANDER,COROMORO,ASOGACOR,900380337-0,06/10/2010 12:00:00 AM,3118381561,GANADERIA,PECUARIO,GANDO EN PIE
SANTANDER,COROMORO,ASOCIACION DE MUJERES CAMPESINAS CON FUNTURO DE COROMORO (AMUCAFU),900763636-2,07/12/2014 12:00:00 AM,3214524536,TRANSFORMACION PRODUCTOS AGRICOLAS,AGRICOLA,TRANSFORMACION PRODUCTOS AGRICOLAS
SANTANDER,COROMORO,ASOCIACION DE PRODUCTORES AGROPECUARIOS COROMORREÑOS (ASOPROACOR),900988870-6,07/13/2016 12:00:00 AM,3212625193,TRANSFORMACION PRODUCTOS AGRICOLAS,AGRICOLA,TRANSFORMACION PRODUCTOS AGRICOLAS
SANTANDER,COROMORO,ASOCIACION COROMORREÑA DE PRODUCTORES AGROPECUARIOS (ASOCORPA),900330548-4,03/23/2017 12:00:00 AM,3124377377,TRANSFORMACION PRODUCTOS AGRICOLAS,AGRICOLA,TRANSFORMACION PRODUCTOS AGRICOLAS
SANTANDER,CURITI,MUJERES LIDERES CAMPESINAS,804008311,08/11/1999 12:00:00 AM,3107547980,CULTIVOS TRANSITORIOS,AGRICOLA,"FRIJOL MAÍZ , CÍTRICOS ,ETC"
SANTANDER,EL CARMEN DE CHUCURI,"""APROCAR"" ASOCIACIÓN DE PRODUCTORES DE CACAO DE EL CARMEN DE CHUCURI",804011197-6,05/04/2001 12:00:00 AM,3208087551,CACAOTEROS,AGRICOLA,CACAO
SANTANDER,EL CARMEN DE CHUCURI,"""ASOCAMC"" ASOCIACIÓN AGROPECUARIA Y CAMPESINA DE EL CARMEN DE CHUCURI",900708250-1,03/04/2014 12:00:00 AM,3214606828,TRANSFORMACIÓN DE CACAO,AGRICOLA Y TRANSFORMACION,CACAO
SANTANDER,EL CARMEN DE CHUCURI,"""ASOGROMESAN"" ASOCIACIÓN AGROPECUARIA Y AMBIENTAL DEL MAGDALENA MEDIO SANTANDEREANO",900175998-0,09/28/2007 12:00:00 AM,3203066199,GANADERIA DOBLE PROPOSITO,PECUARIO,LECHE. DERIVADOS LACTEOS
SANTANDER,EL CARMEN DE CHUCURI,"""ACATY"" ASOCIACIÓN CAMPESINA AGROECOLÓGICA Y TURÍSTICA DE LA SERRANÍA DE LOS YARIGUÍES",900520345-1,04/26/2012 12:00:00 AM,3219244944,HORTOFRUCTICOLA,AGRICOLA,"LULO, CAFÉ, APIO, TOMATE"
SANTANDER,EL CARMEN DE CHUCURI,"""APROPEZCA ""ASOCIACIÓN DE PRODUCTORES DE PECES DE EL CARMEN DE CHUCURI",900221169-9,05/23/2008 12:00:00 AM,3212590059,PISCICULTURA,PECUARIO,"CACHAMA, MOJARRA, BAGRE, BOCACHICO"
SANTANDER,EL CARMEN DE CHUCURI,"""FUINMUCAR "" FUNDACIÓN PARA EL DESARROLLO INTEGRAL DE LA MUJER CARMELEÑA",900603236-4,03/21/2013 12:00:00 AM,3214914357,CACAOTEROS,AGRICOLA,CACAO
SANTANDER,EL CARMEN DE CHUCURI,"""ASOHECAR"" ASOCIACIÓN DE HEVEICULTORES Y REFORESTADORES DE EL CARMEN SANTANDER",900023914-0,05/18/2005 12:00:00 AM,3208532060,CAUCHO,AGRICOLA,SERVICIOS AMBIENTALES
SANTANDER,EL CARMEN DE CHUCURI,"""FMUSA "" FUNDACIÓN DE MUJERES UNIDAS PARA LA SEGURIDAD ALIMENTARIA",900987726-9,07/08/2016 12:00:00 AM,3124581624,HORTOFRUCTICOLA,AGRICOLA,HORTALIZAS
SANTANDER,EL CARMEN DE CHUCURI,"""ASOAGROPALTA"" ASOCIACIÓN AGROINDUSTRIAL DE SANTO DOMINGO DEL RAMO",900627504-7,06/18/2013 12:00:00 AM,3202741003,AGUACATE HASS,AGRICOLA,AGUACATE
SANTANDER,EL CARMEN DE CHUCURI,ASOCIACION AGROPECUARIA MIRALINDO,901008747-8,09/14/2016 12:00:00 AM,3506983543,CACAO,AGRICOLA,CACAO
SANTANDER,EL CARMEN DE CHUCURI,"CORTIPAZ ""CORPORACION DE TIERRAS PARA LA PAZ""",804015245-1,02/28/2000 12:00:00 AM,3102645047,CACAO,AGRICOLA,CACAO
SANTANDER,EL CARMEN DE CHUCURI,AMSYC,900926885-0,01/19/2016 12:00:00 AM,3223081559,AGROFORESTAL - CACAO,AGRICOLA,CACAO-MADERABLES
SANTANDER,EL GUACAMAYO,ASOCIACION UNION EXPO AGRO,900555501-5,09/19/2012 12:00:00 AM,3143319828,CACAO,AGRICOLA,CACAO
SANTANDER,EL GUACAMAYO,ASOCIACION DE MUJERES CAMPESINAS ABEJITAS EN ACCION,804015595-2,07/23/2003 12:00:00 AM,3219372987,HORTOFRUCTICOLA,AGRICOLA,FRUTAS Y VERDURAS
SANTANDER,EL PEÑON,ASOCIACIÒN DE PRODUCTORES AGROPECUARIOS DE EL PEÑON SANTANDER.PROGRESANDO UNIDOS.,900585590-9,01/21/2013 12:00:00 AM,3108012265,LACTEA- HORTOFRUCTICOLA,AGROPECUARIA,LECHE Y MORA
SANTANDER,EL PEÑON,ASOCIACIÒN CACAOTERA AGROPECUARIA DE EL PEÑÒN RIO BLANCO.ACAPER.,900691100-7,01/17/2014 12:00:00 AM,3118906146,CACAO,AGRICULTURA,CACAO
SANTANDER,EL PEÑON,ASOCIACIÒN DE PRODUCTORES DE EL PEÑÒN. FRUTIPEÑÒN.,900021907-1,03/05/2005 12:00:00 AM,3118690934,MORA,AGRICULTURA,MORA
SANTANDER,EL PEÑON,ASOCIACIÒN DE MUJERES EMPRENDEDORAS ECHADAS PA' ADELANTE NI UN PASO ATRÁS. AMEPEÑÒN.,900545522-7,08/14/2012 12:00:00 AM,3118807683,CONFECCIONES,CONFECCIONES,CONFECCIONES
SANTANDER,EL PEÑON,ASOCIACIÒN AGROINDUSTRIAL DE PANELEROS LA OTOVALEÑA,804012108-5,09/26/2001 12:00:00 AM,3132400646,CACAO,AGRICULTURA,CACAO
SANTANDER,EL PEÑON,ASOCIACIÒN DE PRODUCTORES AGROPECUARIOS CONSTRUYENDO DESARROLLO. APROACODE,901083119-1,05/25/2017 12:00:00 AM,3204270248,CACAO,AGRICULTURA,CACAO
SANTANDER,EL PLAYON,ASOCIACION DE GANADEROS DE EL PLAYON  (ASOGAPLA),900751836-7,04/04/2014 12:00:00 AM,3156639547,CARNICA,PECUARIA,GANADO EN PIE
SANTANDER,EL PLAYON,ASOCIACION DE CACAOCULTORES DE SAN PEDRO DE LA TIGRA ASOCATIGRA,900326766-8,12/02/2009 12:00:00 AM,3142220062,CACAO,AGRICOLA,COMERCIALIZACION DE CACAO EN PEPA
SANTANDER,EL PLAYON,ASOCIACION DE CACAOCULTORES DE EL PLAYON.  ASOCAP,804015189-5,05/05/2003 12:00:00 AM,3112238602,CACAO,AGRICOLA,CACAO
SANTANDER,EL PLAYON,ASOCIACION DE PRODUCTORES DE CITRICOS DE EL PLAYON ASOCISAN,900234126-4,08/11/2008 12:00:00 AM,3112230618,HORTOFRUCTICOLA,AGRICOLA,CITRICOS
SANTANDER,EL PLAYON,ASOCIACION AGRICOLA Y PECUARIA DE SANTANDER (ASAPS),900941812-6,02/23/2016 12:00:00 AM,3114883513,CACAO,AGRICOLA,CACAO
SANTANDER,EL PLAYON,ASOCIACION DE PRODUCTORES DE CACAO POR LA PAZ. ASOCAPAZ,901030638-7,11/28/2016 12:00:00 AM,3156639547,CACAO,AGRICOLA,CACAO
SANTANDER,EL PLAYON,ASOCIACION DE CAMPESINOS VICTIMAS DE EL PLAYON  (ASOCAMVIVIP),901031973-2,12/01/2016 12:00:00 AM,3212809191,CACAO Y GANADERIA,AGROPECUARIO,COMERCIALIZACION DE PRODUCTOS AGROPECUARIOS
SANTANDER,ENCINO,ASOCIACION DE PRODUCTORES DE ENCINO ASOPRAEN,900722534-4,04/16/2014 12:00:00 AM,3209285467,AGROPECUARIO,AGROPECUARIO,PROMUEVE EL SECTOR AGROPECUARIO
SANTANDER,ENCINO,ASOCIACION DE PRODUCTORES VERDES DE ENCINO APROVER,900010098-9,03/01/2005 12:00:00 AM,3212939249,CAFÉ,AGRICOLA,CAFÉ MOLIDO Y OTROS PRODUCTOS.
SANTANDER,ENCISO,ASOCIACION DE MUJERES EMPRENDEDORAS DE ENCISO.,901359616,01/28/2020 12:00:00 AM,3232112550,LACTEA - HORTOFRUCTICOLA,AGROPECUARIO,"LECHE, FRUTALES, HORTALIZAS"
SANTANDER,ENCISO,ASOCIACION DE PRODUCTORES AGROPECUARIOS POR EL PROGRESO DE ENCISO,9008477054,03/25/2015 12:00:00 AM,3124984198,CAPRINA - HORTOFRUCTICOLA,AGROPECUARIO,"FRUTALES TROPICALES ( ALOE VERA), CAPRINOS"
SANTANDER,FLORIAN,TISQUICAÑA,900120845-6,04/21/2006 12:00:00 AM,3114767983,PANELA,AGRICOLA,"PANELA EN BLOQUE KILO, MIEL"
SANTANDER,FLORIAN,ASOCIACIÓN FRUTICOLA DE FLORIAN,901098404-1,04/22/2006 12:00:00 AM,3138170666,GUAYABA,AGRICOLA,GUAYABA EN FRESCO
SANTANDER,FLORIAN,PISCICOLAS Y DEFENSORES DEL MEDIO AMBIENTE FLORIAN- ASPISAM-SL,901104741-5,07/16/2017 12:00:00 AM,3212079744,PISICOLA,PECUARIA,"TILAPIA ROJA, CACHAMA, TILAPIA TAILANDESA EN FRESCO, PROMOTORES DEL CUIDADO DEL MEDIO AMBIENTE."
SANTANDER,FLORIAN,UNIHASS-AGUACATE,900375913-3,08/17/2010 12:00:00 AM,3103583253,AGUACATE HASS,AGRICOLA,AGUACATE TIPO EXPORTACIÓN
SANTANDER,FLORIAN,ASMUFLORIAN-MUJERES,901097636-9,06/17/2017 12:00:00 AM,3127874073,BOCADILLO,AGRICOLA,HOJAS EN FRESCO DE BIJAO
SANTANDER,FLORIAN,ASOCIACION DE GANADEROS VENTANAS DE TISQUIZOQUE DEL MUNICIPIO DE FLORIAN,900719519-2,04/04/2014 12:00:00 AM,3202458687,GANADERA,PECUARIA,"GANADO BOVINO PARA SACRIFICIO, PRODUCCIÓN LECHE Y DOBLE PROPÓSITO."
SANTANDER,FLORIAN,FLORIANHASS,901336528-8,10/31/2019 12:00:00 AM,3103250836,AGUACATE HASS,AGRICOLA,AGUACATE TIPO EXPORTACIÓN
SANTANDER,FLORIAN,ASOCACAO FLORIAN,900646921- 6,06/14/2000 12:00:00 AM,3125184452,CACAO,AGRICOLA,CACAO GRANO SECO
SANTANDER,FLORIDABLANCA,"ASOCIACION DE CULTIVADORES DE CACAO DE FLORIDABLANCA  ""ASOCAF""",900297280-5,07/01/2009 12:00:00 AM,6773053,CACAO,AGRICOLA,CACAO
SANTANDER,FLORIDABLANCA,"ASOCIACION CACAOTERA LA COLMENA VEREDA HELECHALES  ""ASOCOLMENA""",900117245-6,11/07/2006 12:00:00 AM,3112509737,CACAO,AGRICOLA,CACAO
SANTANDER,FLORIDABLANCA,"ASOCIACION PRODUCTORA AGROPECUARIA DE FLORIDABLANCA ""ASOPROAGROF""",901133237-8,11/21/2017 12:00:00 AM,3212674667,CAFÉ,AGRICOLA,CAFÉ
SANTANDER,FLORIDABLANCA,"ASOCIACION AGROCAMPESINA LA ESPERANZA ""AGROESPERANZA""",901082899-3,05/24/2017 12:00:00 AM,3154831557,HORTOFRUCTICOLA,AGRICOLA,HORTALIZAS Y AROMATICAS
SANTANDER,FLORIDABLANCA,"ASOCIACION PARA LA CONSERVACION DEL SISTEMA ANDINO ""ASODIVISO""",804017486-7,07/02/2004 12:00:00 AM,3016008256,HORTOFRUCTICOLA,AGRICOLA,AROMATICAS - POLLOS ENGORDE Y PONEDORAS
SANTANDER,FLORIDABLANCA,"ASOCIACION CAMPESINA PARA LA CONSERVACION DEL SISTEMA ANDINO CERRO LA JUDIA ""MAKLENKE""",900030201-7,06/22/2005 12:00:00 AM,3134074285,CACAO- HORTOFRUCTICOLA,AGRICOLA,CACAO
SANTANDER,FLORIDABLANCA,"ASOCIACION DE FRUTICULTORES DE LAS VEREDAS BUENAVISTA Y SAN IGNACIO ""AFRUBUESANI""",804013371-1,05/31/2002 12:00:00 AM,3144393592,HOORTOFRUCTICOLA,AGRICOLA,HORTALIZAS Y AROMATICAS
SANTANDER,FLORIDABLANCA,"ASOCIACION DE USUARIOS DEL SERVICIO DE AGUA POTABLE Y SANAMIENTO BASICO VEREDA VERICUTE ""ASOVITALF""",804011904-7,09/18/2001 12:00:00 AM,3162544110,ACUEDUCTO VEREDAL,AGROPECUARIA,AGUA NO TRATADA
SANTANDER,FLORIDABLANCA,"ASOCIACION DE MUJERES CAMPESINAS DE FLORIDABLANCA ""AMUCAF""",804008530-5,11/04/1999 12:00:00 AM,3213019942,HORTOFRUCTICOLA,AGRICOLA,HORTALIZAS Y AROMATICAS
SANTANDER,FLORIDABLANCA,"ASOCIACION PARA EL DESARROLLO RURAL DE FLORIDABLANCA ""ASODERUF""",900854751,03/24/2015 12:00:00 AM,3114433494,ASISTENCIA SOCIAL,PROYECTOS SOCIALES,PROYECTOS SOCIALES
SANTANDER,FLORIDABLANCA,"CORPORACION PARA EL DESARROLLO DEL ORIENTE ""COMPROMISO""",804001309-1,03/05/1997 12:00:00 AM,6433901,ASISTENCIA SOCIAL Y PROYECTOS,PROYECTOS SOCIALES,PROYECTOS SOCIALES
SANTANDER,GALÁN,ASOCIACION DE GANADEROS DEL MUNICIPIO DE GALAN,900200420-3,02/15/2008 12:00:00 AM,3202255357,LACTEA - CARNICA,PECUARIO,LECHE Y CARNE
SANTANDER,GALÁN,"ASOCIACION DE PRODUCTORES GALANEROS DE CACAO DEL MUNICIPIO DE GALAN, SANTANDE",900432891-4,04/20/2011 12:00:00 AM,3214308827,CACAO,AGRICOLA,CACAO
SANTANDER,GALÁN,ASOCIACIÓN DE APICULTORES DE LA SERRANÍA DE LOS YARIGUÍES APISY,901391834-0,07/04/2020 12:00:00 AM,3133449660,APICULTURA,PECUARIO,MIEL Y DERIVADOS
SANTANDER,GALÁN,ASOCIACIÓN DE PRODUCTORES AGROPECUARIOS DE MUNICIO DE GALÁN ASOPRAGAL,901372472-7,03/02/2020 12:00:00 AM,3142197607,MAIZ- CAFÉ- PLATANO- HORTOFRUCTICOLA,AGRICOLA,"CÍTRICOS, YUCA, MAÍZ, CAFÉ, PLATANO, ETC."
SANTANDER,GÁMBITA,ASOFRUGAM,900857309 - 3,12/03/2014 12:00:00 AM,3115539855,PRODUCCION Y COMERCIALIZACION,AGRICOLA,FRUTICOLA (MORA)
SANTANDER,GÁMBITA,ASOMURGAN (MUJERES),830514234 - 4,12/23/1995 12:00:00 AM,3134775815,PRODUCCION Y COMERCIALIZACION,AGRICOLA,HORTOFRUTICOLA
SANTANDER,GÁMBITA,ASOPROGAM,900101305-1,08/18/2006 12:00:00 AM,3142103570,PRODUCCION Y COMERCIALIZACION,AGRICOLA,CAÑA PANELERA
SANTANDER,GÁMBITA,ASOGANCA,900031640-1,06/29/2005 12:00:00 AM,3138512366,PRODUCCION Y COMERCIALIZACION,PECUARIA,GANADEROS
SANTANDER,GIRON,AMUCEM  ASOCIACIÓN DE MUJERES CAMPESINAS EMPRENDEDORAS DE MOTOSO,900 857 380-7,06/10/2015 12:00:00 AM,3184983943,BOCADILLO,AGRICOLA,BOCADILLO DE GUAYABA
SANTANDER,GIRON,CORTOPOCORO CORPORACIÓN CAMPESINA DEL ÁREA DE INFLUENCIA DEL EMBALSE DE TOPOCORO,901 255942-6,02/18/2019 12:00:00 AM,3115090891,PISCICULTURA,PECUARIO,"CACHAMA, MOJARRA"
SANTANDER,GIRON,VERDE SOGAMOSO ASOCIACIÓN AGRO TURÍSTICA VERDE SOGAMOSO,901162023-2,03/07/2018 12:00:00 AM,3176712133,HORTOFRUCTICOLA,AGRICOLA,"PIÑA, LIMON, GUAYABA, GUANABANA"
SANTANDER,GIRON,ASOCIACIÓN GEO VON LENGERKE,900843304-6,04/28/2015 12:00:00 AM,3124106789,ACUICULTURA- FRUCTICOLA,AGROPECUARIA,"PESCADO, LIMON."
SANTANDER,GIRON,ASOCIACION FRUTICOLA UNIDOS POR EL CAMPO AFUC,901347625-1,12/10/2019 12:00:00 AM,3208534606,HORTOFRUCTICOLA,AGRICOLA,CITRICOS-PIÑA
SANTANDER,GIRON,ASOCAMGIR ASOCIACIÓN DE CAMPESINOS DEL MUNICIPIO DE GIRÓN,900 553 141-8,01/19/2012 12:00:00 AM,3118461177,LIMON,AGRICOLA,LIMON.
SANTANDER,GIRON,ASOMUTRADER ASOCIACIÓN DE MUJERES TRABAJADORAS PARA EL DESARROLLO RURAL,900 750 238-8,07/16/2014 12:00:00 AM,3167764665,HORTOFRUCTICOLA,AGROPECUARIA,HUEVOS CACHMA PIÑA
SANTANDER,GIRON,ASOMUCAG ASOCIACIÓN MUNICIPAL DE MUJERES CAMPESINAS DE GIRÓN SANTANDER,804003980-3,05/29/1997 12:00:00 AM,3153580321,CAFÉ -  CACAO,AGRICOLA,"CACAO, CAFÉ."
SANTANDER,GUACA,ASOLDELGUA,900697513-2,11/23/2013 12:00:00 AM,3125419368,LACTEA,PECUARIA,LECHE
SANTANDER,GUACA,MUJERES ARTESANAS DE GUACA,900576832-8,11/26/2012 12:00:00 AM,3134093933,CARNICA,PECUARIA,"TRANSFORMACION DE LANA DE CORDERO EN PRODUCTOS ARTESANALES, VENDA DE CARNE DE CORDERO"
SANTANDER,GUACA,ASOPAGUACA,900676218-4,11/10/2013 12:00:00 AM,3125333338,PAPA,AGRICOLA,PAPA Y ALTERNATIVOS
SANTANDER,GUAPOTÁ,ASOCIACION AGROPECIARIA GUAPOTA,900370212 - 6,07/19/2010 12:00:00 AM,3175133271,GANADERIA DOBLE PROPOSITO,PECUARIA,"CARNE, LECHE"
SANTANDER,GUAVATA,ASPROCOGUA,900739615-7,06/11/2014 12:00:00 AM,3142300900,GUAYABA,AGRICOLA,GUAYABA
SANTANDER,GUAVATA,ASPROGUAVATA,900635005-7,02/16/2012 12:00:00 AM,3142222573,GUAYABA,AGRICOLA,GUAYABA PANELA
SANTANDER,GUEPSA,ASOCIACION DE PRODUCTORES AGROPECUARIOS DE GUEPSA SANTANDER (ASAGROGUEPSA),900037310-3,08/05/2005 12:00:00 AM,3132177396,PANELA,AGRICOLA,"PANELA, GRANO SECO"
SANTANDER,HATO,FRUTIHATO,900883834,07/14/2015 12:00:00 AM,3102299573,CITRICOS,AGRICOLA,CITRICOS
SANTANDER,HATO,ASOPROAPIS,900854760-1,07/14/2015 12:00:00 AM,3143986525,APICULTURA,PECUARIA,MIEL DE ABEJAS
SANTANDER,JESUS MARIA,ASAVICJM@GMAIL.COM,900653986-3,09/12/2013 12:00:00 AM,3104913172,AVICOLA,PECUARIA,HUEVO CAMPECINO
SANTANDER,JESUS MARIA,ASOCIACION PRODUCTORES DE GUYABA DEL MUNICIPIO DE JESUS MARIA,900396849-1,10/06/2010 12:00:00 AM,3133914296,GUAYABA,AGRICOLA,GUAYABA FRUTA
SANTANDER,JESUS MARIA,ASOFRUT JM,900973480-1,05/24/2016 12:00:00 AM,3105662649,FRUCTICOLA,AGRICOLA,PITAHAYA Y GUAYABA
SANTANDER,LA BELLEZA,ASOGABE,900381645-9,09/10/2010 12:00:00 AM,3219231333,LACTEA,PECUARIA,LECHE
SANTANDER,LA BELLEZA,ASOHASSBELL,901065130-7,06/26/2016 12:00:00 AM,3103295277,AGUACATE HASS,AGRICOLA,AGUACATE HASS
SANTANDER,LA BELLEZA,MORABELL,900345066-1,03/09/2016 12:00:00 AM,3125643640,HORTOFRUCTICOLA,AGRICOLA,MORA DE CASTILLA
SANTANDER,LA BELLEZA,ASFRUBEL,900949952-5,03/14/2016 12:00:00 AM,3214244488,FRUCTICOLA,AGRICOLA,GULUPA
SANTANDER,LA BELLEZA,ASOBELCA,804.015.788-7,08/26/2003 12:00:00 AM,3138960275,CACAO,AGRICOLA,CACAO
SANTANDER,LA BELLEZA,ASOCAPROBELL,900498552-6,02/13/2012 12:00:00 AM,3138960275,PISCICOLA,PECUARIA,MOJARRA TAHILANDEZA
SANTANDER,LA BELLEZA,LA EXITOSA,900668415-5,06/18/2013 12:00:00 AM,3102548370,CACAO,AGRICOLA -TRASFORMACIÓN,CHOCOLATE
SANTANDER,LA BELLEZA,ASOGULUP,901092045-3,06/07/2017 12:00:00 AM,3003469173,FRUCTICOLA,AGRICOLA,GULUPA
SANTANDER,LA PAZ,ASOCIACION DE PRODUCTORES Y COMERCIALIZADORES RURALES DEL OPON(BANAPAZ),90754319-4,07/29/2014 12:00:00 AM,3114948477,CACAO Y  PLATANO,AGRICOLA,PLATANO BANANITO Y CACAO
SANTANDER,LA PAZ,ASOCIACION DE PRODUCTRES AGROPECUARIOS DE LA PAZ (ASOAPAZ),900099175-0,08/08/2008 12:00:00 AM,3133839052,CACAO Y PLATANO,AGRICOLA,PLATANO BANANITO Y CACAO
SANTANDER,LA PAZ,ASOCIACION DE CAMPESINOS EMPRENDEDORES  DEL MUNICPIO DE LA PAZ.( ASOCAEMP),900225777-5,08/25/2018 12:00:00 AM,3124456827,CACAO Y PLATANO,AGRICOLA,PLATANO BANANITO Y CACAO
SANTANDER,LANDAZURI,CORPORACION PARA EL DESARROLLO INTEGRAL SOSTENIBLE DE BORRASCOSO OPON,8305131991,07/23/2005 12:00:00 AM,3143508404,SERVICIOS,SERVICIOS,ASESORIA AGROPECUARIA
SANTANDER,LANDAZURI,CORPORACION DE EDUCACION AGROINDUSTRIAL EN SISTEMAS DE DESARROLLO INTEGRAL,9007372908,04/22/2014 12:00:00 AM,3203136906,SERVICIOS,SERVICIOS,ASESORIA AGROPECUARIA
SANTANDER,LANDAZURI,ASOCIACION DE PRODUCTORES Y SERVICIOS INTEGRALES AGROPECUARIOS DEL CARARE OPON,9001593121,06/25/2007 12:00:00 AM,3112381310,CACAO Y BABANITO,AGRICOLA,CACAO SECO Y BANANITO
SANTANDER,LANDAZURI,ASOCIACION AVICOLA DE LANDAZURI,901061298-7,03/08/2017 12:00:00 AM,3103105292,AVICOLA,PECUARIA,HUEVOS
SANTANDER,LANDAZURI,ASOCIACION DE PRODUCTORES AGROINDUSTRIALES DEL OPON,901020418-9,06/10/2016 12:00:00 AM,3229443587,CACAO,TRANSFORMACION  AGRICOLA,CHOCOLATE DE MESA - CONFITERIA
SANTANDER,LANDAZURI,ASOCIACION PRESTADORA DE SERVICIOS INTEGRALES DE BAJO JORDAN,9009734191,05/16/2016 12:00:00 AM,3133373817,CACAO Y BANANITO,AGRICOLA,CACAO SECO Y BANANITO
SANTANDER,LANDAZURI,COOPERATIVA INTEGRAL DE PRODUCTORES AGROPECUARIOS,900043135-5,05/09/2005 12:00:00 AM,3203697310,CACAO,TRANSFORMACION  AGRICOLA,CHOCOLATE DE MESA - CONFITERIA
SANTANDER,LANDAZURI,ASOCIACIÓN DE MUJERES EXITOSAS DEL CARARE,901249846,01/30/2019 12:00:00 AM,3185179883,AVICOLA,PECUARIA,POLLO EN BANDEJA
SANTANDER,LANDAZURI,ASOCIACION DE PRODUCTORES AGROPECUARIOS E INDUSTRIALES DE SANTANDER,901249617,01/29/2019 12:00:00 AM,3505681599,CACAO,TRANSFORMACION  AGRICOLA,CHOCOLATE DE MESA - CONFITERIA
SANTANDER,LANDAZURI,ASOCIACION DE MUJERES RURALES DEL CARARE,901416767-5,09/30/2020 12:00:00 AM,3158123514,CACAO,AGRICOLA,CHOCOLATE
SANTANDER,LEBRIJA,MISION CHOCOLATE,900112961-9,10/17/2006 12:00:00 AM,3162311458,CACAO - CITRICOS,AGRICOLA,GRANO SECO DE CACAO Y CITRICOS EN PRODUCTOS FRESCOS
SANTANDER,LEBRIJA,AMMUCALE,804001605-7,05/26/1997 12:00:00 AM,3172884849,HORTOFRUCTICOLA,AGRICOLA,LEGUMBRES HORTALIZAS Y PRODUCTOS AGROINDRUSTRISLES DE FRUTAS Y VERDURAS
SANTANDER,LEBRIJA,ASOLAGROS,901306306-1,07/26/2019 12:00:00 AM,3175799069,CITRICOLA,AGRICOLA,"LIMON, CRIOLLO Y IMA TAHITI"
SANTANDER,LEBRIJA,ASPAGAL,900802897-6,06/26/2014 12:00:00 AM,3163960619,HORTOFRUCTICOLA,AGRICOLA,"CITRICOS, HORTALIZAS"
SANTANDER,LEBRIJA,UNIAGRI,900342042-1,02/23/2010 12:00:00 AM,3158851920,FRUCTICOLA,AGRICOLA,"LIMON, NARANJA, GUAYABA"
SANTANDER,LOS SANTOS,ASOCIACION DE MUJERES CAMPESINAS AGROINDUSTRIALES DE LOS SANTOS  AMUCAMPES,900857707-1,06/11/2015 12:00:00 AM,3116927192,FRUTA,AGRICOLA,PULPAS DE FRUTA
SANTANDER,LOS SANTOS,ASOCIACION AGROPECUARIA Y TABACALERA DE LOS SANTOS ASOALTESA,804007654-5,05/18/1999 12:00:00 AM,3115191431,TABACO,AGRICOLA,TABACO
SANTANDER,MACARAVITA,ASOCIACION DE HOMBRE Y MUJERES CAMPESINOS DE JAGUI,901105174-3,08/11/2017 12:00:00 AM,3115382644,ASOCIACIONES DE PEQUEÑOS Y MEDIANOS PRODUCTORES,AGROPECUARIA,"FRIJOL, TOMATE, PAPA, MAIZ, AVICOLAS, CAPRINOS"
SANTANDER,MACARAVITA,ASOCIACION DE HOMBRES Y MUJERES DE LA VERERA PAJARITO,901105929-7,06/10/2017 12:00:00 AM,3124944069,ASOCIACIONES DE PEQUEÑOS Y MEDIANOS PRODUCTORES,AGROPECUARIA,"FRIJOL,TOMATE,PAPA, MAIZ, AVICOLAS, CAPRINOS"
SANTANDER,MACARAVITA,ASOCIACION DE MUJERES Y HOMBRES CAMPESINOS DE JUNCAL,901105004-1,08/11/2017 12:00:00 AM,3103170230,ASOCIACIONES DE PEQUEÑOS Y MEDIANOS PRODUCTORES,AGROPECUARIA,"FRIJOL,TOMATE,PAPA, MAIZ, AVICOLAS, CAPRINOS"
SANTANDER,MACARAVITA,ASOCIACION DE MUJERES Y HOMBRES CAMPESINOS DE ILARGUTA,901104619-4,07/02/2017 12:00:00 AM,3178530430,ASOCIACIONES DE PEQUEÑOS Y MEDIANOS PRODUCTORES,AGROPECUARIA,"FRIJOL,TOMATE,PAPA, MAIZ, AVICOLAS, CAPRINOS"
SANTANDER,MALAGA,"COOPERATIVA PARA EL DESARROLLO GANADERO Y AGRÍCOLA DE MÁLAGA ""COODEGAMA""",900223811-9,06/16/2008 12:00:00 AM,3107874655,LACTEA - BOVINA - CEREALES,PECUARIA,"GANADERÍA DE CEBA, GANADERÍA DE ENGORDE, GANADERÍA LECHERA, MAÍZ, FRIJOL, INVERNADERO DE TOMATE"
SANTANDER,MALAGA,MUJERES CAMPESINAS FUTURO Y VIDA VEREDA LAVADERO,900250621-0,11/08/2008 12:00:00 AM,3143279007,HORTOFRUCTICOLA,AGRÍCOLA,"HORTALIZAS, FRUTAS, CITRICOS, VERDURAS"
SANTANDER,MALAGA,"MUJERES CAMPESINAS ""POR UN FUTURO FELÍZ"" DE LA VEREDA BARZAL",900718177-2,06/14/2013 12:00:00 AM,3138981587,HORTOFRUCTICOLA,AGRÍCOLA,"CITRICOS, HUERTAS"
SANTANDER,MALAGA,MUJERES ARTESANAS DE CALICHAL AMAC,900474437-3,09/22/2011 12:00:00 AM,3203247515,HORTOFRUCTICOLA,AGRÍCOLA,HUERTAS CASERAS
SANTANDER,MALAGA,PRODUCTORES AGROPECUARIOS VEREDA GUASIMO SECTOR EL TABLÓN,900968574-1,03/26/2017 12:00:00 AM,3214653090,SABILA,AGRICOLA,SÁBILA
SANTANDER,MALAGA,MUJERES CAMPESINAS ASOMUCAM,804015695-0,11/13/1998 12:00:00 AM,3125128466,"CADENA AVÍCOLA, LECHERA Y HORTALIZAS",AGRÍCOLA - PECUARIA,"HUERTA CASERA, GANADO LECHERO, POLLOS Y GALLINAS"
SANTANDER,MATANZA,ASOCIACION DE MOREROS DE SINAI,900.659.565-3,09/30/2013 12:00:00 AM,3183342671,MORA,AGRICOLA,MORA
SANTANDER,MATANZA,ASOCIACION DE MUJERES CAMPESINAS,804.015.982 -1,09/30/2013 12:00:00 AM,3156279615,AVICOLA - HORTOFRUCTICOLA,AGROPECUARIA,HUERTAS CASERAS AGROECOLOGICAS Y POLLOS  SEMICRIOLLOS
SANTANDER,MATANZA,ASOCIACION DE PEQUEÑOS GANADEROS MATANZA Y SOTO,804.015.044 -6,10/12/2003 12:00:00 AM,3187120188,BOVINA,PECUARIA,MEJORAMIENTO GENETICO
SANTANDER,MATANZA,ASOCIACION DE MUJERES CAMPESINAS CONSTRUYENDO FUTURO,900030208-8,06/07/2005 12:00:00 AM,3042123116,AVICOLA - HORTOFRUCTICOLA,PECUARIA,HUERTA  POLLOS HUEVOS ORGANICO
SANTANDER,MATANZA,ASOCIACION DE MUJERES CAMPESINAS SAN ISIDRO MATANZA ASOSIMUCAM,900.535.646-9,02/08/2012 12:00:00 AM,3208452915,CAFÉ,AGRICOLA,CAFÉ
SANTANDER,MATANZA,ASOCIACION DE VICTIMAS AVICOSACOL,901.299.505-1,04/07/2019 12:00:00 AM,3014245809,"PLATANO, CAFÉ",AGRICOLA,"PALTANO, CAFÉ"
SANTANDER,MATANZA,EMPRESA COMUNITARIA DE PRODUCTORES AGROPECUARIOS DE ALTO BRAVO,901.176.151 - 8,04/30/2018 12:00:00 AM,3015870595,MORA,AGRICOLA,MORA
SANTANDER,MATANZA,ASOCIACION DE VICTIMAS DEL CONFLICTO ARMADO ASOVIMAC,900682095,11/14/2013 12:00:00 AM,3132648443,AVICOLA - HORTOFRUCTICOLA,AGROPECUARIA,"HORTALIZAS, POLLOS SEMICRIOLLOS"
SANTANDER,MATANZA,PRODUCTORES MATANCERO S.A.S,900.101.6714-9,04/12/2012 12:00:00 AM,3118083982,CHORIZO MANTANCERO,TRANSFORMACION  PECUARIA,CHORIZO MANTANCERO
SANTANDER,MATANZA,BACARI BANANOS DEL CARIBE,901111942-8,09/05/2017 12:00:00 AM,3024017452,CAFÉ,AGRICOLA,CAFÉ
SANTANDER,MATANZA,ASOVIVIR ASOCIACION DE PRODUCTORES,900045764-7,09/21/2005 12:00:00 AM,3017839351,CAFÉ,AGRICOLA,CAFÉ
SANTANDER,MATANZA,ASOPROALIB ASOCIACION DE PRODUCTORES Y AGRICULTORES DEL LIBANO,900516490-6,04/16/2012 12:00:00 AM,3008197658,MORA,AGRICOLA,MORA
SANTANDER,MOGOTES,ASOCIACION DE CULTIVADORES DE CANA Y PRODUCTORES DE PANELA DE MOGOTES ASOPA DEMO,804011954-5,03/13/2003 12:00:00 AM,313653285,PANELA,AGRICOLA,PANELA
SANTANDER,MOGOTES,ASOCIACION DE PRODUCTORES DE MOGOTES,900694601-9,08/15/2012 12:00:00 AM,3142505767,GUAYABA -AGUACTAE,AGRICOLA,GUAYABA - AGUACATE - LIMON
SANTANDER,MOGOTES,ASOCIACIÓN DE APICULTORES Y MELIPONICULTORES DE MOGOTES APIMONGUATE,901403618-1,08/20/2020 12:00:00 AM,3182586989,APICULTURA,"PECUARIO, ESPECIES MENORES","miel, propoleo, cera, jalea real, polen, material genetico, equipos"
SANTANDER,MOLAGAVITA,"ASOCIACION DE CAPRICULTORES DE MOLAGAVITA ""ASOCAPRIMOL""",900150424-7,05/14/2007 12:00:00 AM,3214066623,CADENA OVINO-CAPRINA,PECUARIA,"CARNE,LECHE,TURISMO"
SANTANDER,MOLAGAVITA,ASOCIACION DE MUJERES CAMPESINAS DE MOLAGAVITA FORJADORAS DE PROGRESO,900058739-9,12/06/2005 12:00:00 AM,3118405500,HORTOFRUCTICOLA,AGROPECUARIA,"FRUTAS,HORTALIZAS,ESPECIES MENORES"
SANTANDER,MOLAGAVITA,"ASOCIACION ESPERANZAS PARA UN MEJOR VIVIR ""AESMEVIL""",900724974-0,04/24/2014 12:00:00 AM,3107561128,DURAZNO - BOVINA,AGROPECUARIA,"DURAZNO Y SUB PRODUCTOS,ESPECIAES MENORES, BOVINOS"
SANTANDER,OCAMONTE,ASOCIACION MUJERES EMPRENDEDORAS,900387803-3,08/28/2010 12:00:00 AM,3134622150,ARTESANIAS Y PROYECTOS,PROYECTOS PRODUCTIVOS,"BOLSAS, BOLSOS,TELA TEJIDA EN TELARES ARTESANALES; GALLINAS, POLLOS."
SANTANDER,OCAMONTE,ASOCAO (ASOCIACION DE CACAOTEROS DE OCAMONTE),900030206-3,06/15/2005 12:00:00 AM,3174580717,CACAOTEROS,AGRICOLA,CHOCOLATE
SANTANDER,OCAMONTE,ASOMUCAO (ASOCIACION DE MUJERES CAFETERAS),900715530-6,03/19/2014 12:00:00 AM,3168182186,CAFICULTURA,AGRICOLA,CAFÉ PERGAMINO
SANTANDER,OCAMONTE,APCO (ASOCIACION  DE PEQUEÑOS CAFETEROS DE OCAMONTE),804007566-5,05/04/1994 12:00:00 AM,3158388576,CAFICULTURA,AGRICOLA,CAFÉ EXCELSO
SANTANDER,OCAMONTE,"ASOCIACION DE PANELEROS ""PANELAS DE OCAMONTE""",804014253-4,05/29/2002 12:00:00 AM,3112760593,"CULTIVO DE CAÑA, PRODUCCION Y COMERCIALIZACION DE PANELA",AGRICOLA,"PANELA EN DIFERENMTES PRESENTACIONES, MIELES."
SANTANDER,OCAMONTE,ASOPROFMOC (PROGRESO Y FUTURO DE LA MUJER OCAMONTANA),900275512-4,09/15/2016 12:00:00 AM,3134321216,CULTIVO DE UVA,AGRICOLA,UVA
SANTANDER,OCAMONTE,ASOGAMOC (ASOCIACION DE GANADEROS DEL MUNICIPIO DE OCAMONTE),900233869-8,03/05/2008 12:00:00 AM,3112079274,PRODUCCION Y COMERCIALIZACION DE ESPECIES GANADERAS Y SUBPRODUCTOS DE ESTAS.,PECUARIA,"GANADO BOVINO, LECHE, BOVINAZA, ENTRE OTROS."
SANTANDER,OCAMONTE,ASOPROAES (ASOCIACION DE PRODUCTORES AGRICOLAS Y DE ESPECIES MENORES),901092287-9,06/06/2017 12:00:00 AM,3112079274,PRESTAR ASISTENCIA A CADA UNIDAD PRODUCTIVA DE LOS ASOCIADOS.,AGRICOLA,"FRUTALES, HORTALIZAS,CULTIVOS DE PAN COGER, PLANTAS MEDICINALES Y DEMAS PLANTAS."
SANTANDER,ONZAGA,ASOCIACION DE GANADEROS DE ONZAGA ASOGANO,900225258-4,06/20/2008 12:00:00 AM,3202953632,DOBLE PROPOSITO,PECUARIA,LECHE Y CARNE
SANTANDER,ONZAGA,ASOCIACION DE PEQUEÑOS PRODUCTORES AGROPECUARIOS ASOPRAG,900852179-1,05/25/2015 12:00:00 AM,3144615268,CEREALES,AGRICOLA,MAIZ
SANTANDER,ONZAGA,"ASOCIACION DE PRODUCTORES, TRANSFORMADORES Y COMERCIALIZADORES DE FIQUE Y PRODUCTOS AGROPECUARIOS DE ONZAGA",900830331-5,01/11/2006 12:00:00 AM,3105888738,FIQUE,AGRICOLA,FIBRA DE FIQUE
SANTANDER,ONZAGA,SUSALMON S.A.S,900072289-4,02/13/2006 12:00:00 AM,3103584636,PISCICOLA,PECUARIA,TRUCHA
SANTANDER,ONZAGA,ASOCIACION DE PRODUCTORES DE CAFÉ DE ONZAGA DELICAFE ONZAGUEÑO,900819081-0,02/28/2015 12:00:00 AM,3229473757,CAFÉ,AGRICOLA,CAFÉ
SANTANDER,ONZAGA,ASOCIACION DE FRUTICULTORES DE GANIVITA ASOFRUGA,900230357-5,07/21/2008 12:00:00 AM,3106745384,HORTIFRUTICOLA,AGRICOLA,"MORA, LULO, UCHUVA, FEIJOA Y HORTALIZAS"
SANTANDER,ONZAGA,ASOCIACION REVIVAMOS,900812617-3,01/26/2015 12:00:00 AM,3202315611,APICOLA,PECUARIA,MIEL
SANTANDER,PALMAS DEL SOCORRO,"ASOCIACION DE MUJERES RURALES DE PALMAS DEL SOCORRO ""MUJER Y PROGRESO""",804011477-3,07/09/1998 12:00:00 AM,3188423739,CULTIVOS TRANSITORIOS,AGRICOLA,CULTIVOS TRANSITORIOS
SANTANDER,PALMAS DEL SOCORRO,"ASOCIACION COMUNERA DE PRODUCTORES Y OTROS ""ASOCCI""",900264041-1,02/03/2009 12:00:00 AM,3123766927,CITRICULTURA,AGRICOLA,CITRICOS
SANTANDER,PALMAS DEL SOCORRO,ASOCIACION  DE PRODUCTORES CAFE ASOPROCAFE ESPECIALES DE SANTANDER,37943931-3,11/17/2019 12:00:00 AM,3158999431,CAFICULTURA,AGRICOLA,CAFÉ
SANTANDER,PARAMO,ASOCIACION DE MUJERES CAMPESINAS,804014074-2,10/08/2002 12:00:00 AM,3123464893,"HORTIFRUTICOLA, ESPECIES MENORES",AGRICOLA,FRUTAS HORTALIZAS POLLO HUEVOS
SANTANDER,PARAMO,ASOCIACION DE CITRICULTORES,901354404-1,01/13/2020 12:00:00 AM,3203485874,CITRICOS,AGRICOLA,NARANJA MANDARINA LIMOS
SANTANDER,PARAMO,ASOCIACION DE PISCICULTORES,900223807-9,06/16/2008 12:00:00 AM,3123651174,PISCICULTURA,PECUARIO,MOJARRA CACHAMA
SANTANDER,PARAMO,ASOCIACION DE CHOCOLATE MORALEÑO,900127546 -0,01/10/2007 12:00:00 AM,3204662080,CACAO,AGRICOLA,CHOCOLATE
SANTANDER,PARAMO,ASOCIACION DE PEQUEÑOS PRODUCTORES AGROPECUARIOS DEL PARAMO,900661157-8,08/03/2013 12:00:00 AM,3209036433,HORTIFURTICOLA ESPECIAES MENORES PISCICULTURA,AGROPECUARIO,HORTALIZAS FRUTAS PECES
SANTANDER,PARAMO,ASOCIACION DE PANELEROS,900257193-1,12/17/2008 12:00:00 AM,3223106587,CAÑA PANELERA,AGRICOLA,PANELA
SANTANDER,PIEDECUESTA,ASOMOREROS,804014961-0,03/14/2004 12:00:00 AM,3213489126,CULTIVO DE MORA,AGRICOLA,MORA
SANTANDER,PIEDECUESTA,ASOMIRAFLORES,91341670,06/22/2000 12:00:00 AM,3144750021,CULTIVO DE MORA,AGRICOLA,MORA
SANTANDER,PIEDECUESTA,ASOCIACION DE FRUTAS Y SUS DERIVADOS - SAN PEDRO,900871560-4,07/24/2016 12:00:00 AM,3204951660,CULTIVO DE MORA,AGRICOLA,MORA
SANTANDER,PIEDECUESTA,GALISAN,900095931-4,07/19/2006 12:00:00 AM,3167152245,GANADO,PECUARIOS,GANADO
SANTANDER,PIEDECUESTA,OVINOS ASOLLANITOS,900486193-3,12/05/2011 12:00:00 AM,3184082485,OVINOS,PECUARIOS,OVINOS
SANTANDER,PIEDECUESTA,ASOCAPRI,63274417,06/23/2005 12:00:00 AM,3155769207,CAPRICULTURA,PECUARIOS,CAPRINOS
SANTANDER,PINCHOTE,ASOCIACION DE CITRICULTORES DE PINCHOTE,901342099-4,10/09/2019 12:00:00 AM,3175044784,HORTOFRUTICOLA,AGRICOLA,"LIMON TAHITI, MANDARINA, NARANJA"
SANTANDER,PINCHOTE,ASOCOACION DE MUJERES RURALES PARA EL PROGRESO DEL MUNICIPIO DE PINCHOTE  - ANTONIA SANTOS,804014493-5,04/13/2015 12:00:00 AM,3213676062,AVICOLA,PECUARIA,"POLLOS, HUEVOS DE GALLINA"
SANTANDER,PUENTE NACIONAL,ASOAGROPEC,901019769-7,10/20/2016 12:00:00 AM,3124608725,CADENA PRODUCTIVA DEL BOCADILLO,AGRICOLA,GUAYABA
SANTANDER,PUENTE NACIONAL,ASOAGRODELICIAS,901014664-1,09/26/2016 12:00:00 AM,3112190587,CADENA PRODUCTIVA DEL BOCADILLO,AGRICOLA,GUAYABA
SANTANDER,PUENTE NACIONAL,ASOGAPUENTE,900650571-7,08/03/2013 12:00:00 AM,3108579737,GANADERIA,PECUARIO,CARNE Y LECHE
SANTANDER,PUENTE NACIONAL,ASOAGROCAMPO,804013682-6,09/07/2001 12:00:00 AM,3124793618,CADENA PRODUCTIVA DEL BOCADILLO,AGRICOLA,BIJAO
SANTANDER,PUENTE NACIONAL,ASPROCEP,900248613-5,10/27/2008 12:00:00 AM,3112552766,ACEITES ESENCIALES,AGRICOLA,PLANTAS AROMATICAS
SANTANDER,PUERTO PARRA,COMITÉ REGIONAL DE GANADEROS,829003213-3,08/26/2001 12:00:00 AM,3165389308,GANADERIA,PECUARIA,GANADERIA
SANTANDER,PUERTO PARRA,AGROCAPOTE,900074680-0,03/13/2006 12:00:00 AM,3158339572,CULTIVO DE CAUCHO,AGRICOLA,CAUCHO
SANTANDER,PUERTO PARRA,ASOPALCA,900554112-9,09/12/2012 12:00:00 AM,3178143783,CULTIVO PALMA DE ACEITE,AGRICOLA,PALMA
SANTANDER,PUERTO PARRA,ASOPESCABA,901013211-2,09/23/2014 12:00:00 AM,3174320344,PISCICULTURA,PECUARIO,PESCADO
SANTANDER,PUERTO PARRA,ASUAISRE,901285025-5,05/17/2019 12:00:00 AM,3164400137,PISCICULTURA,PECUARIO,PESCADO
SANTANDER,PUERTO PARRA,ASOMUCARE,900906790-4,11/07/2015 12:00:00 AM,3209605242,HORTALIZAS,AGRICOLA,HORTALIZAS PAN
SANTANDER,PUERTO PARRA,ASOPESBOCAR,900906122-4,11/05/2015 12:00:00 AM,3194296273,PISCICULTURA,PECUARIO,PESCADO
SANTANDER,PUERTO PARRA,ASOPESCARE,900983079-3,02/02/2016 12:00:00 AM,3163462357,PISCICULTURA,PECUARIO,PESCADO
SANTANDER,PUERTO PARRA,ASOPROPARRA,900048298-1,10/04/2005 12:00:00 AM,3152603344,CAUCHO PISCICULRURA,AGROPECUARIO,CAUCHO PECES POLLOS CERDOS
SANTANDER,PUERTO PARRA,COMUNAFRO,901349128-1,12/17/2019 12:00:00 AM,3505968382,HORTALIZAS,AGRICOLA,PLATANO YUCA MAIZ
SANTANDER,PUERTO WILCHES,ASOCIACION AGRICOLA Y PESQUERA ASOAP,900351919-3,04/10/2010 12:00:00 AM,3124432485,"CULTIVOS DE PANCOGER (PLATANO, YUCA, MAIZ, PESCA ARTESANAL)",AGROPECUARIA,"PLATANO, YUCA, MAIZ, PESCADO"
SANTANDER,PUERTO WILCHES,ASOCIACION DE HEVEICULORES Y REFORESTADORES DE PUERTO WILCHES,900039876-9,08/17/2005 12:00:00 AM,3173001091,CULTIVO DE CAUCHO,AGRICOLA,LATEX CAUCHO
SANTANDER,PUERTO WILCHES,ASOCIACION DE PALMICULTORES PROYECTO PRODUCTIVO LA VEGA,900256025-8,12/11/2008 12:00:00 AM,3143999352,PALMA DE ACEITE,AGRICOLA,ACEITE CRUDO DE PALMA DE ACEITE
SANTANDER,PUERTO WILCHES,ASOCIACION DE PEQUEÑOS GRANJEROS DEL MAGDALENA MEDIO ASOGRAMAG,900088548-7,06/06/2006 12:00:00 AM,3118502244,CULTIVO DE CACHAMAS Y MOJARRAS ROJAS,PISCICOLA,CACHAMAS Y MOJARRAS ROJAS
SANTANDER,PUERTO WILCHES,ASOCIACION DE PEQUEÑOS Y MEDIANOS PALMICULTORES DE LA ZONA CENTRAL,900643571-8,08/12/2013 12:00:00 AM,3133617740,PALMA DE ACEITE,AGRICOLA,ACEITE CRUDO DE PALMA DE ACEITE
SANTANDER,PUERTO WILCHES,ASOCIACION MULTIACTIVA DE MUJERES EMPRENDEDORAS PUENTE SOGAMOSO,900784140-1,10/24/2014 12:00:00 AM,3203427488,CULTIVO DE CACHAMAS Y MOJARRAS ROJAS,PISCICOLA,CACHAMAS Y MOJARRAS ROJAS
SANTANDER,PUERTO WILCHES,ASOCIACION DE PRODUCTORES AGROPECUARIOS LOS COMUNEROS ASPRACOM,829000960-3,12/11/1997 12:00:00 AM,6131639,PALMA DE ACEITE,AGRICOLA,ACEITE CRUDO DE PALMA DE ACEITE
SANTANDER,PUERTO WILCHES,ASOCIACION DE PESCADORES Y AGRICULTORES BOCAS DEL SOGAMOSO,900314875-0,09/25/2009 12:00:00 AM,3204156024,"CULTIVOS DE PANCOGER (PLATANO, YUCA Y PISCICULTURA)",AGROPECUARIA,"PLATANO, YUCA Y CACHAMAS"
SANTANDER,PUERTO WILCHES,ASOCIACION DE PESCADORES DE LA VEREDA LA LUCHA ASOPESLUCH,900343320-9,02/26/2010 12:00:00 AM,3214981404,"CERDOS, POLLOS DE ENGORDE Y CACHAMAS",AGROPECUARIA,"CERDOS, POLLOS DE ENGORDE Y CACHAMAS"
SANTANDER,PUERTO WILCHES,ASOCIACION DE PESCADORES DEL CORREGIMIENTO DE PUENTE SOGAMOSO,901173374-1,04/18/2018 12:00:00 AM,3185991894,PESCA ARTESANAL,PSCICOLA,"PESCADOS (BOCACHICO, BAGRE, BLANQUILLO ETC)"
SANTANDER,PUERTO WILCHES,ASOCIACION DE PESCADORES ARTESANALES DE BELLA VISTA PUERTO WILCHES,901137505-5,12/05/2017 12:00:00 AM,3214820998,PESCA ARTESANAL,PSCICOLA,"PESCADOS (BOCACHICO, BAGRE, BLANQUILLO ETC)"
SANTANDER,PUERTO WILCHES,ASOCIACION DE PRODUCTORES AGROPECUARIOS DE LA RESERVA Y CURUMUTAS,901101988-3,07/27/2017 12:00:00 AM,3133179779,CRIA DE GALLINAS PONEDORAS,PECUARIA,HUEVOS Y CARNE DE GALLINA
SANTANDER,PUERTO WILCHES,ASOCIACION DE PRODUCTORES DE CACAO DE PUERTO WILCHES,901025185-0,11/09/2016 12:00:00 AM,3152001314,CULTIVO DE CACAO,AGRICOLA,CACAO
SANTANDER,PUERTO WILCHES,ASOCIACION AGRICOLA PECUARIA Y PESQUERA DEL GUAYABO,900739573-6,06/04/2014 12:00:00 AM,3185559339,"CULTIVOS DE PANCOGER (PLATANO, YUCA, MAIZ Y FRIJOL Y PESCA ARTESANAL)",AGROPECUARIA,"PLATANO, YUCA, MAIZ, FRIJOL Y PESCADOS (BOCACHICO, BAGRE, BLANQUILLO ETC)"
SANTANDER,PUERTO WILCHES,ASOCIACION DE PEQUEÑOS PALMICULTORES AGROPECUARIOS DE PUERTO WIL CHES ASOAGROWIL,900592519-4,02/14/2013 12:00:00 AM,3115868610,PALMA DE ACEITE,AGROPECUARIA,ACEITE CRUDO DE PALMA DE ACEITE
SANTANDER,PUERTO WILCHES,ASOCIACION DE MUJERES TRABAJADORAS Y PESCADORES DE PUERTO WILCHES,900610100-0,07/17/2012 12:00:00 AM,3212877335,PESCA ARTESANAL,PSCICOLA,"PESCADOS (BOCACHICO, BAGRE, BLANQUILLO ETC)"
SANTANDER,PUERTO WILCHES,ASOCIACION DE PEQUEÑOS PALMEROS PROYECTO MODELO PUERTO WILCHES,829001610-5,07/21/1999 12:00:00 AM,3175860389,PALMA DE ACEITE,AGRICOLA,ACEITE CRUDO DE PALMA DE ACEITE
SANTANDER,PUERTO WILCHES,ASOCIACION DE CAMPESINOS Y PRODUCTORES AGROPECUARIOS-MANATI BLANCO,900991183,03/16/2017 12:00:00 AM,3165574700,CULTIVOS DE PANCOGER (PLATANO Y YUCA),AGRICOLA,PLATANO Y YUCA
SANTANDER,RIONEGRO,"ASOCIACION DE MUJERES CAMPESINAS DEL MUNICIPIO DE RIONEGRO SANTANDER "" ZURRON`S",901203909-1,08/10/2018 12:00:00 AM,3158309593,"APOYO A LA AGRICULTURA Y ELABORACION DER CACAO, CHOCOLATE",AGRICOLA,"CACAO, CHOCOLATE"
SANTANDER,RIONEGRO,"ASOCIACION RIONEGRANA DE PRODUCTORES AGRICOLAS Y AMBIENTALISTAS ""AGROVIVE""",900989390-7,07/13/2013 12:00:00 AM,3163340263,APOYO A LA PRODUCTIVIDAD Y COMERCIALIZACION,AGRICOLA,CACAO- FRUTAS EN GENERAL
SANTANDER,RIONEGRO,"COOPERATIVA MULTIACTIVA BOSQUES DE MISIGUAY ""COOMULBOSMI""",901326747-1,07/31/2019 12:00:00 AM,3232219806,APOYO AL MEJORAMIENTO A LA CALIDAD DE VIDA DE SUS ASOCIADOS,AGRICOLA,CACAO-PLATANO- FRUTAS
SANTANDER,RIONEGRO,"ASOCIACION AGRICOLA DE CACAOCULTORAS VICTIMA DE RIONEGRO SANTANDER ""AROMA DE PAZ""",901223605-1,09/10/2018 12:00:00 AM,3174694254,TRANSFORMACION DE CACAO A CHOCOLATE Y SUS DERIVADOS,AGRICOLA,CACAO- CHOCOLATERIA Y DERIVADOS
SANTANDER,RIONEGRO,"ASOCIACION DE PRODUCTORES AGROPECUARIOS DEL MUNICIPIIO DE RIONEGRO SANTANDER  ""APROVALPA""",901347847-1,12/11/2019 12:00:00 AM,3164962867,CACAO-PLATANO-FRUTAS,AGRICOLA,PLATANO- CACAO- FRUTAS
SANTANDER,RIONEGRO,"ASOCIACION DE PRODUCTORES AGRICOLAS SOSTENIBLES DE RIONEGRO SANTANDER ""FRUTROPS""",900649655-5,08/30/2013 12:00:00 AM,3176461993,CITRICOS- CACAO,AGRICOLA,CITRICOS- CACAO- FRUTAS
SANTANDER,RIONEGRO,"ASOCIACION DE CUNICULTORES DE RIONEGRO SANTANDER ""ACUNERS""",901326723-5,09/30/2019 12:00:00 AM,3008572076,EXPLOTACION CUNICULA,PECUARIO,CONEJO EN PIE Y CARNE
SANTANDER,RIONEGRO,"ASOCIACION DE PESCADORES RIO LEBRIJA DEL BAJO RIONEGRO Y PEQUEÑOS MINEROS BAREQUEROS ""ASPERL""",900017719-6,04/14/2005 12:00:00 AM,3162370194,PESCA Y MINERIA DE BAREQUE,PECUARIO,PECES- ORO
SANTANDER,RIONEGRO,"ASOCIACION AGROPECUARIA DE  CACOCULTORES DE RIONEGRO SANTANDER ""RIOS DE CHOCOLATE""",901077782-1,05/08/2017 12:00:00 AM,3158414955,CACAO,AGRICOLA,CACAO EN GRANO- CHOCOLATE DE MESA
SANTANDER,RIONEGRO,ASOCIACION DE DESPLAZADOS Y VICTIMAS DISPERSOS DEL MUNICIPIO DE RIONEGRO SANTANDER. REPUBLICA DE COLOMBIA,901180118-1,10/11/2011 12:00:00 AM,3166881350,CACAO- FRUTAS,AGRICOLA,CACAO- FRUTAS EN GENERAL
SANTANDER,RIONEGRO,"ASOCIACION DE VIVERISTAS DE FRUTALES DE SANTANDER ""ASOVIFRUSAN""",900839075-9,04/15/2015 12:00:00 AM,3157297935,PRODUCCION DE PLANTULAS DE FRUTALES,AGRICOLA,PLANTULAS FRUTALES
SANTANDER,RIONEGRO,ASOCIACION DE VICTIMAS EN POST CONFLICTO,901032666-0,11/05/2016 12:00:00 AM,3183960502,AVICULTURA- CACAO,PECUARIO,HUEVOS- CARNE- CACAO
SANTANDER,RIONEGRO,"SOCIACION DE APICULTORES INTEGRALES DEL MUNICIPIO DE RIONEGRO SANTANDER "" APIRIO""",901097536-0,07/17/2017 12:00:00 AM,3166285051,EXPLOTACION APICOLA,PECUARIA,MIEL Y SUS DERIVADOS.
SANTANDER,SABANA DE TORRES,"ASOCIACION DE AGRICULTORES, PALMEROS Y GANADEROS DE SABANA DE TORRES APG",900553266-1,09/06/2012 12:00:00 AM,3176548109,POLICULTIVOS Y GANADO,AGROPECUARIO,"ARROZ, PALMA, GANADO, MAIZ, PATILLA"
SANTANDER,SABANA DE TORRES,ASOCIACION DE USUARIOS DEL DISTRITO DE ADECUACION DE  TIERRAS -ASOLEBRIJA-,829 001.228-4,12/27/1996 12:00:00 AM,3176407782,POLICULTIVOS Y GANADO,AGROPECUARIO,"ARROZ, PALMA, GANADO, MAIZ, PAPAYA, PLATANO"
SANTANDER,SABANA DE TORRES,ASOGRAS,900941250-7,02/21/2015 12:00:00 AM,3175314931,POLICULTIVOS Y GANADO,AGROPECUARIO,"PALMA, GANADO, MAIZ"
SANTANDER,SABANA DE TORRES,"FUNDACION DESARROLLO INTEGRAL MUJER, VIDA Y PAZ - FUNDIMUPAZ-",900914356-4,10/22/2015 12:00:00 AM,3155508429,PISCICULTURA,PECUARIO,PESCADO CACHAMA
SANTANDER,SABANA DE TORRES,ASOCIACION DE PRODUCTORES AGROPECUARIOS POR LA PAZ Y DESARROLLO DE SABANA DE TORRES (APROPAST),901090390-0,06/20/2017 12:00:00 AM,3167607786,AVICULTURA,PECUARIO,"POLLO DE ENGORDE, PLATANO Y YUCA"
SANTANDER,SABANA DE TORRES,ASOCIACIÓN DE MUJERES CABEZA DE FAMILIA DEL MUNICIPIO DE SABANA DE TORRES -ASOMUSAT-,829.002.578-1,01/29/2001 12:00:00 AM,3175475619,AROMATICAS,AGRICOLAS,"AROMATICAS, PLANTAS MEDICINALES"
SANTANDER,SABANA DE TORRES,ASOCIACION DE AGRICULTURA Y GANADERIA AGROCRISTALES,900669953-0,10/07/2013 12:00:00 AM,3172404471,POLICULTIVOS Y GANADO,AGROPECUARIO,"PALMA, GANADO, MAIZ, PLATANO, HUEVOS"
SANTANDER,SABANA DE TORRES,ASOBEMPRO,900191021-8,12/20/2007 12:00:00 AM,3168084401,POLICULTIVOS Y GANADO,AGROPECUARIO,"PALMA, GANADO, POLLO DE ENGORDE"
SANTANDER,SABANA DE TORRES,ASOCIACION DE DESPLAZADOS PRODUCTORES AGROPECUARIOS DE SABANA DE TORRES ASOAGROPAMPA,900844343-8,04/27/2015 12:00:00 AM,3124257543,POLICULTIVOS Y GANADO,AGROPECUARIO,"PALMA, GANADO, MAIZ, PLATANO, HUEVOS"
SANTANDER,SABANA DE TORRES,ASOCIACION PSICOLA DEL MAGDALENA MEDIO -ASOPIMAG-,9010561368-4,02/13/2017 12:00:00 AM,3002028006,PISCICULTURA,PECUARIO,PESCADO
SANTANDER,SABANA DE TORRES,ASOCIACIÓN DE PESCADORES ARTESANALES PEQUEÑOS MINEROS Y AGRICULTORES DEL CENTRO POBLADO DE PROVINCIA Y SECTORES ALEDAÑOS AL ÁREA DE INFLUENCIA A LO LARGO DEL RIO LEBRIJA “ASOPRIL”,900.569.129-9,09/16/2012 12:00:00 AM,3188170972,PISCICULTURA,PECUARIO,PESCADO
SANTANDER,SABANA DE TORRES,ASOCIACIÓN DE PESCADORES TRABAJADORES AGROPECUARIOS Y DE SERVICIOS MÚLTIPLES DEL RIO SOGAMOSO “APETRAS”,900.234.974-8,06/22/2008 12:00:00 AM,3204117198,PISCICULTURA,PECUARIO,PESCADO
SANTANDER,SABANA DE TORRES,ASOCIACION DE PESCADORES ARTESANALES DEL RIO LEBRIJA CASA NUEVA ”PESCANUEVA”,900.639.644-1,07/14/2013 12:00:00 AM,3104777267 / 3132426742,PISCICULTURA,PECUARIO,PESCADO
SANTANDER,SABANA DE TORRES,ASOCIACIÓN DE PESCADORES DE LA CASCAJERA MINEROS ARTESANALES AGRICULTORES Y DE SERVICIOS MÚLTIPLES – “ASOPESCAMAS ”,900.598.929-8,02/24/2013 12:00:00 AM,3165089403 / 3177763039,PISCICULTURA,PECUARIO,PESCADO
SANTANDER,SABANA DE TORRES,ASOCIACIÓN DE MINEROS ARTESANALES PESCADORES Y AGRICULTORES DEL RIO LEBRIJA   – “AMINARPAL ”,900.910.142-7,10/06/2015 12:00:00 AM,3186012005 / 3156444784,PISCICULTURA,PECUARIO,PESCADO
SANTANDER,SABANA DE TORRES,ASOCIACIÓN DE PESCADORES Y MINEROS DEL RIO LEBRIJA,829.003.904-4,07/31/2003 12:00:00 AM,3107951195,PISCICULTURA,PECUARIO,PESCADO
SANTANDER,SAN ANDRES,AGROCASAN,900899443-2,10/16/2015 12:00:00 AM,3186885923,GANADERIA,AGROPECUARIA,"CARNE,LECHE,VERDURAS,FRUTAS"
SANTANDER,SAN ANDRES,AGROORTICES,900980594-1,08/02/2016 12:00:00 AM,3108072435,POLICULTIVOS,AGRICOLA,"AGUACATE. CAFE, PANELA."
SANTANDER,SAN ANDRES,ASOINDESAN,900720369-6,04/30/2014 12:00:00 AM,3187040343,GANADERIA,PECUARIA,"LECHE,CARNE"
SANTANDER,SAN ANDRES,ASOLAGO,900149574-1,06/02/2006 12:00:00 AM,3104008084,CAÑA DE AZUCAR,AGRICOLA.,PANELA.
SANTANDER,SAN ANDRES,AGROLISAN,901115136-6,05/10/2016 12:00:00 AM,3143172998,GANADERIA,AGROPECUARIA.,"LECHE , CARNE, PAPA"
SANTANDER,SAN ANDRES,ASOEMPRENDER,901193727-1,06/13/2018 12:00:00 AM,3132070178,AVICULTURA,AGROPECUARIO,"AVES, GANADERIA, CAFE."
SANTANDER,SAN ANDRES,ASOPAC,9009491917-1,07/08/1905 12:00:00 AM,3125450871,AGUACATE,AGRICOLA,AGUACATE
SANTANDER,SAN ANDRES,ASOMUESAN,901131254-4,07/28/2017 12:00:00 AM,3178348657,PROYECTO PRODUCTIVOS AGROPECUARIOS,AGROPECUARIA,REPORESTACION AGRICULTURA
SANTANDER,SAN BENITO,APROGUCISBE ASOCIACION DE PRODUCTORES DE GUAYABA Y CITRICOS DE SAN BENITO,900768256-1,03/20/2014 12:00:00 AM,3134852615,CULTIVO DE CITRICOS Y GUAYABA,AGRICOLA,"GUAYABA, LIMON, MANDARINA, NARANJA."
SANTANDER,SAN BENITO,ASOCIACION DE CAMPESINOS SAN BENITO - ASOCASB,900040344-4,06/25/2005 12:00:00 AM,3118685744,PRODUCCIONDE CAÑA DE AZUCAR,AGRICOLA,PANELA
SANTANDER,SAN GIL,ASOCIACIÓN DE MUJERES RURALES DE LA VEREDA CAÑAVERAL BAJO- “MUJER PRODESARROLLO RURAL”.,900561543-9,10/09/2012 12:00:00 AM,3115402395,AVICULTURA,PECUARIA,AVES DE POSTURA
SANTANDER,SAN GIL,"ASOCIACIÓN DE PEQUEÑOS Y MEDIANOS PRODUCTORES AGROPECUARIOS DE SAN GIL ""ASOESANLUIS"".",901164730-0,03/15/2018 12:00:00 AM,3118032154,"FRUTAS, VERDURAS Y HORTALIZAS",AGRICOLA,"YUCA, PLATANO, HUEVOS, AHUYAMA, MANDARINA, LIMÓN"
SANTANDER,SAN GIL,ASOCIACIÓN DE PANADEROS DE LA VEREDA GUARIAGUA BAJO.,901006615-5,09/08/2016 12:00:00 AM,3214557332,CAFICULTURA,AGRICOLA,"CAFÉ, PRODUCTOS DE PANADERIA"
SANTANDER,SAN GIL,"ASOCIACIÓN DE SEMBRADORES Y PRODUCTORES SANGILEÑOS- ""ASO SIEMBRA"".",901036259-4,12/21/2016 12:00:00 AM,3163918604,PRODUCCION DE HORTALIZAS,AGRICOLA,"FRIJOL,MAIZ,HORTALIZAS"
SANTANDER,SAN GIL,"ASOCIACIÓN DE MUJERES EMPRENDEDORAS DE LA VEREDA RESUMIDERO- ""AMUJERES"".",900692429-9,12/31/2013 12:00:00 AM,3157052478,CAFICULTURA,AGRICOLA,"SEMILLEROS DE CAFÉ, HORTALIZAS"
SANTANDER,SAN GIL,"ASOCIACIÓN DE AGRICULTORES DEL SUR DE SANTANDER- ""ASOPISUR""",900609820-3,04/18/2013 12:00:00 AM,3013082788,APICULTURA,PECUARIA,APICULTURA
SANTANDER,SAN GIL,ASOCIACIÓN SAN ISIDRO DE LA VEREDA PUENTE TIERRA,900858149-6,12/16/2013 12:00:00 AM,3132301543,CAFICULTURA,AGRICOLA,SEMILLEROS DE CAFÉ
SANTANDER,SAN GIL,ASOCIACIÓN DE MUJERES DE LA VEREDA CAMPO HERMOSO,901155009-1,02/13/2018 12:00:00 AM,3114728282,CAFICULTURA,AGRICOLA,"SEMILLEROS DE CAFÉ, HORTALIZAS"
SANTANDER,SAN JOAQUIN,ASOCIACION DE FAMILIAS CONSTRUYENDO PAZ,901133619-8,10/21/2017 12:00:00 AM,3144283123,AGRICOLA,AGRICOLA,AGRICOLA
SANTANDER,SAN JOAQUIN,CORPORACIÓN DE PRODUCTORES DE FIBRAS ECOLOGICAS DE SAN JOAQUÍN,900232038-1,07/29/2008 12:00:00 AM,3125407080,COMERCIALIZADORA DE FIBRA,AGRICOLA,FIQUE
SANTANDER,SAN JOAQUIN,ASOCIACIÓN DE PRODUCTORES AGROPECUARIOS DE CAPRINOS DE SAN ROQUE SAN JOAQUÍN,901031635-8,11/04/2016 12:00:00 AM,3142757449,CAPRICULTURA,PECUARIO,CAPRINOS
SANTANDER,SAN JOAQUIN,ASOCIACIÓN DE PRODUCTORES AGROPECUARIOS DE CULTIVOS TRANSITORIOS DE SANTA CLARA - SAN JOAQUÍN,901035492-1,11/27/2016 12:00:00 AM,3108555400,CULTIVOS TRASITORIOS,AGRICOLA,CULTIVOS TRNSITORIOS
SANTANDER,SAN JOAQUIN,ASOCIACIÓN DE PRODUCTORES AGROPECUARIOS DE CAFÉ DE SAN JOAQUÍN,901031570-8,11/21/2016 12:00:00 AM,3202396698,CAFICULTURA,AGRICOLA,CAFÉ
SANTANDER,SAN JOAQUIN,ASOCIACIÓN DE APICULTORES DE SAN JOAQUÍN,901.015.963-1,10/04/2017 12:00:00 AM,3143190948,APICULTURA,PECUARIA,MIEL
SANTANDER,SAN JOAQUIN,ASOCIACION DE PRODUCTORES AGROPECUARIOS  PANELEROS DE SAN JOAQUIN.,901132234-1,11/16/2017 12:00:00 AM,3132160262,PANELERA,AGRICOLA,PANELA
SANTANDER,SAN JOAQUIN,ASOCIACION DE PEQUEÑOS  PRODUCTORES GANADEROS DE SAN JOAQUIN,901133586-3,11/21/2017 12:00:00 AM,3203312599,GANADERIA,PECUARIA,CARNE BOVINOS
SANTANDER,SAN JOAQUIN,ASOCIACION DE MUEJERES EMPRENDEDORAS DE SAN JOAQUIN,901374334-8,02/07/2020 12:00:00 AM,3115980488,AVICOLA,AGROPECUARIOS,FIQUE PODERAS POLLO ENGORDE
SANTANDER,SAN JOSE DE MIRANDA,ASPROVEEGAN,901083958-4,05/30/2017 12:00:00 AM,3166776865,PROYECTOS AGROPECUARIOS,AGROPECUARIOS,PROYECTOS
SANTANDER,SAN JOSE DE MIRANDA,ASOTAPGAR,804008997-0,02/10/2000 12:00:00 AM,3103256852,TABACO,AGRICOLA,TABACO
SANTANDER,SAN JOSE DE MIRANDA,ASMUPAZ,900116677-1,07/10/2006 12:00:00 AM,3112019190,PROYECTOS AGROPECUARIOS,AGROPECUARIOS,PROYECTOS
SANTANDER,SAN JOSE DE MIRANDA,ASTRACASMI,900800980-0,06/25/2014 12:00:00 AM,3114817478,PROYECTOS AGROPECUARIOS,AGROPECUARIOS,PROYECTOS
SANTANDER,SAN MIGUEL,ASOCIACION DE PRODUCTORES DE CAFÉ DEL MUNICIPIO DE SAN MIGUEL,804014750-3,02/22/2003 12:00:00 AM,3116178176,CAFICULTURA,AGRICOLA,CAFÉ
SANTANDER,SAN MIGUEL,ASOCIACION DE PRODUCTORES AGROPECUARIOS DEL VALLE DE LA MIEL,900703962,02/20/2014 12:00:00 AM,3133905878,GANADERIA,PECUARIA,GANADERIA
SANTANDER,SAN VICENTE DE CUCURÍ,"PROCORALGRAN (ASOCIACION AGROPECURIA, PRODUCTORES DE CACAO ORIGEN DE LA VEREDA LLANAFRIA SECTRO ALTO GRANDE",900697798-4,08/21/2013 12:00:00 AM,3208745758,CACAOCULTURA,AGROCOLA,CACAO
SANTANDER,SAN VICENTE DE CUCURÍ,"PGN CACAOS (ASOCIACION AGROPECUARIA DECACAOCULTORES DE PALMIRA, GUADUAL, NUEVO MUNDO)",900661001-8,10/02/2013 12:00:00 AM,3173203368,CACAOCULTURA,AGROCOLA,CACAO
SANTANDER,SAN VICENTE DE CUCURÍ,"ASOPABAMA (ASOCIACION AGROPECUARIA CACAOS ESPECIALES DE LAS VEREDAS PALESTINA, BARRO AMARILLO Y MATA DE CACAO DEL MUNICIPIO DE SAN VICENTE DE CHUCURI)",900716188-4,03/19/2014 12:00:00 AM,3126247248,CACAOCULTURA,AGROCOLA,CACAO
SANTANDER,SAN VICENTE DE CUCURÍ,ASOVECAP (ASOCIACION VEREDAL DE CACAOCULTORES DEL PERTRECHO MUNICIPIO SAN VICENTE DE CHUCURI,900620297-5,05/23/2013 12:00:00 AM,3115229709,CACAOCULTURA,AGROCOLA,CACAO
SANTANDER,SAN VICENTE DE CUCURÍ,"AVECASAN (ASOCIACION AGROPECUARIA INTERVEREDAL DE CACAOTEROS DE LAS VEREDAS LA ESPERANZA, EL LITORAL, GUAYACAN, PALOTIGRE, SANTA INEZ, EL CERRO)",900746073-4,07/03/2014 12:00:00 AM,3112721249,CACAOCULTURA,AGROCOLA,CACAO
SANTANDER,SAN VICENTE DE CUCURÍ,AGROSANVI (ASOCIACION DE PRODUCTORES AGROPECUARIOS DE SAN VICENTE DE CHUCURI,900776897-4,09/30/2014 12:00:00 AM,3144161425,AGROPECUARIO,AGROPECUARIO,AGROPECUARIO
SANTANDER,SAN VICENTE DE CUCURÍ,ASOPROFRUTAS,829003632-6,05/30/2003 12:00:00 AM,3138704602,PRODUCCION,AGRICOLA,CITRICOS -CACAO
SANTANDER,SAN VICENTE DE CUCURÍ,APROCRAFRUM,829002441-1,12/07/2000 12:00:00 AM,3124490968,PRODUCCIÓN,AGRÍCOLA,CACAO
SANTANDER,SAN VICENTE DE CUCURÍ,AGANAR,829003289-2,10/29/2002 12:00:00 AM,3184999167,PRODUCCIÓN,PECUARIA,CEBA- LECHE
SANTANDER,SAN VICENTE DE CUCURÍ,APRIMUJER (ASOCIACION MUNICIPAL PARA LA PROMOCION INTEGRAL DE LA MUJER),829002534-8,06/14/2001 12:00:00 AM,3003702514,PRODUCCIÓN -TRANSFORMACIÓN,AGRICOLA,COCOLATE DE MESA-MERMELADA DE MUCILAGO DE CACAO
SANTANDER,SAN VICENTE DE CUCURÍ,APIRREINA (ASOCIACION DE APICULTORES  DE LA SERRANIA DE LOS YARIGUIES),829004037-8,01/05/2004 12:00:00 AM,3107863155,APICULTURA,PECUARIO,MIEL DE ABEJA - CERA
SANTANDER,SAN VICENTE DE CUCURÍ,AGROCAMI (ASOCIACION AGROPECUARIA DE CACAOCULTORES DE LLANAFRIA SECTOR MIRABEL MUNICIPIO SAN VICENTE DE CHUCURI),900748879-2,10/16/2013 12:00:00 AM,3142610995,PRODUCCIÓN,AGRICOLA,CACAO- CITRICOS
SANTANDER,SAN VICENTE DE CUCURÍ,ASOCIACIÓN AGROPECUARIA DE EMPRENDEDORES DE PEÑA DE ORO Y SANTA INÉS,901009011-0,09/22/2016 12:00:00 AM,3187765746,AVICULTURA,PECUARIO,POLLO DE ENGORDE SEMICRIOLLO
SANTANDER,SAN VICENTE DE CUCURÍ,ASPROCAS (ASOCIACIÓN DE PRODUCTORES Y COMERCIALIZADORES AGRÍCOLAS DE SANTANDER),900161650-2,06/13/2012 12:00:00 AM,3123519554,PRODUCCIÓN-COMERCIALIZACIÓN,AGRÍCOLA,"BANANO, CITRICOS, PLATANO, AGUACATE, GUAMA, PAPAYA Y AHUYAMA"
SANTANDER,SAN VICENTE DE CUCURÍ,"AGROCABOP (ASOCIACION AGROPECUARIA DE CACAOS CRIOLLOS DE LAS VEREDAS BORNEO, PEDREGOZA DEL MUNICIPIO DE SAN VICENTE CHUCURI)",900812449-2,09/21/2014 12:00:00 AM,3133626024,PRODUCCIÓN,AGRICOLA,CACAO
SANTANDER,SANTA BÀRBARA,ASOPROAGRO,804011948-0,02/15/2001 12:00:00 AM,3132039689,MORA,AGRÌCOLA,MORA
SANTANDER,SANTA BÀRBARA,SANTA BÀRBARA DE LAS MONTAÑAS,900979884-1,06/09/2016 12:00:00 AM,3144449973,UVA,AGRÌCOLA,UVA
SANTANDER,SANTA BÀRBARA,ASOPISANBA,804.008.268-1,01/10/1999 12:00:00 AM,3107526465,MIEL Y ACUATE HASS,AGROPECUARIO,MIEL Y ACUATE HASS
SANTANDER,SANTA HELENA DEL OPON,UNION EXPOAGRO,900555501-5,09/12/2012 12:00:00 AM,3214876557,PRODUCCION,AGRICOLA,CACAO
SANTANDER,SANTA HELENA DEL OPON,ASOPROCARO,80401558-9,05/05/2003 12:00:00 AM,3173410820,CULTIVO DE CACAO,AGRICOLA,CACAO
SANTANDER,SIMACOTA,ASOCIACIÓN DE PEQUEÑOS Y MEDIANOS PRODUCTORES DE CACAO Y PRODUCTOS AGROTURISTICOS DE SIMACOTA (ASOCASIM),900318262-4,10/16/2009 12:00:00 AM,3165087304,CACAO,AGRICOLA,CACAO
SANTANDER,SIMACOTA,ASOCIACIÓN DE PRODUCTORES DE CITRICOS Y PRODUCTOS AGROPÉCUARIOS DE SIMACOTA (ACITRISIM),900673784-8,11/14/2013 12:00:00 AM,3143438157,FRUTALES,AGRICOLA,CITRICOS
SANTANDER,SIMACOTA,ASOCIACIÓN DE GANADEROS DE SIMACOTA ALTO (SIMAGAN),900537500-1,07/12/2012 12:00:00 AM,3166919203,GANADERIA,PECUARIA,GANADERIA
SANTANDER,SIMACOTA,ASOCIACIÓN DE APICULTORES DE SIMACOTA (APIAGROS),900884115-6,08/13/2015 12:00:00 AM,3168542959,APICOLA,PECUARIA,APICULTURA
SANTANDER,SIMACOTA,ASOCIACIÓN NACIONAL DE USUARIOS CAMPESINOS (ANUC),890262759-6,05/24/1905 12:00:00 AM,3165087304,AGROPECUARIO,AGROPECUARIA,POLICULTIVOS
SANTANDER,SIMACOTA,CORPORACIÓN REDES CAMPESINAS POR LA PAZ Y EL DESARROLLO INTEGRAL DE SIMACOTA,900323555-7,11/13/2009 12:00:00 AM,3208365011,CACAO,AGRICOLA,CACAO
SANTANDER,SIMACOTA,ASOCIACIÓN DE PRODUCTORES AGRICOLAS Y PECUARIOS DE SIMACOTA (ASPROAGROS),830053812-2,11/01/2001 12:00:00 AM,3015854338,CAFÉ,AGRICOLA,CAFÉ ESPECIAL
SANTANDER,SIMACOTA,ASOCIACIÓN DE MUJERES CAMPESINAS DE SIMACOTA (ASOMUCASI),901132205-8,11/11/2017 12:00:00 AM,3167560819,CACAO,AGROINDUSTRIAL,CHOCOLATE DE MESA
SANTANDER,SIMACOTA,ASOCIACION DE PRODUCTORES AGROPECUARIOS DE SIMACOTA (ASOPRASIM),900723338-1,04/22/2014 12:00:00 AM,3224532791,CAFÉ,AGROINDUSTRIAL,CAFÉ YARIGUIES
SANTANDER,SIMACOTA,ASOCIACION DE VICTIMAS DE SIMACOTA ALTA (ASOVISALTA),901075429-6,03/12/2017 12:00:00 AM,3224585726,FRUTALES,AGROINDUSTRIAL,ACOPIO Y PROCESAMIENTO DE CITRICOS
SANTANDER,SOCORRO,ASOCIACION COMUNERA DE GANADEROS,900261779-2,01/21/2009 12:00:00 AM,3177680980,GANADERIA,PECUARIA,"CARNE , LECHE , EMBUTIDOS"
SANTANDER,SOCORRO,ASOCIACION DE PRODUCTORES Y EMPRESARIOS CAFETEROS DE SANTANDER,901031620-8,11/30/2016 12:00:00 AM,3002176280,CAFÉ,AGRICOLA,"CAFÉ TOSTADO , MOLIDO"
SANTANDER,SOCORRO,COOPERATIVA AGROPECUARIA DE SOCORRO LTDA,900011724-6,03/09/2005 12:00:00 AM,3165665510,CAFÉ,AGRICOLA,"CAFÉ TOSTADO , MOLIDO"
SANTANDER,SOCORRO,ASO CAMPOS,901026749-9,11/15/2016 12:00:00 AM,3115597996,LIMON TAHITI,AGRICOLA,MANDARINA ARRAYANA E ISRAELI
SANTANDER,SOCORRO,ASOCIACION COMUNERA DE MUJERES RURALES DE EL SOCORRO ASOCOMUCA,901315762,08/27/2019 12:00:00 AM,3164257815,CAFÉ,AGRICOLA,"CITRICOS , PLATANO"
SANTANDER,SOCORRO,AMESPROCOM,800106481-8,04/08/1997 12:00:00 AM,3156703353,PRODUCTOS DE TRANSFORMACION,AGROINDUSTRIAL,"ALIMENTOS , CONFECCION ENTRE OTROS"
SANTANDER,SUAITA,ASOCIACION PROMOTORA AGROPECUARIA JARDIN DEL SOL,900039239 -7,08/17/2005 12:00:00 AM,3118475079,FLORICULTORES,AGRICOLA,HELICONIAS
SANTANDER,SUAITA,ASOGASU,901141932-2,12/27/2017 12:00:00 AM,3123864342,GANADERO,PECUARIA,"CARNE, LECHE"
SANTANDER,SURATA,ASOCIACIÓN DE EMPRENDEDORES AGROMECANICOS DE SAN,901252728-2,02/06/2019 12:00:00 AM,3232138079,HORTALIZAS,AGRICOLA,CULTIVAR Y COMERCIALIZAR PRODUCTOS AGROPECUARIOS
SANTANDER,SURATA,ASOCIACION DE PRODUCTORES AGROPECUARIOS DE CACHIRI,900905284-4,12/31/2014 12:00:00 AM,3222175722,AGROPECUARIO,AGROPECUARIA,"CULTIVAR, CRIAR Y COMERCIALIZAR PRODUCTOS AGROPECUARIOS"
SANTANDER,SURATA,ASOCIACION DE MUJERES AHORRADORAS VICTIMAS DE,901142642-6,12/29/2017 12:00:00 AM,3203439460,AVICULTURA,PECUARIO,GALLINAS PONEDORAS
SANTANDER,TONA,COALAGRA,800088753-8,10/22/1988 12:00:00 AM,3108426128,LACTEA,PECUARIA,"QUESO, YOGURT, CUAJADA"
SANTANDER,TONA,COINTO,800099692-4,12/18/2018 12:00:00 AM,3166872135,FRUTAS,AGUACATE HASS,AGUACATE HASS
SANTANDER,TONA,ASOAPITONA,901238664-1,01/30/1997 12:00:00 AM,3134747863,APICULTURA,AGROINDUSTRIAL,MIEL DE ABEJA
SANTANDER,TONA,ASOCARBE,900992747-3,07/26/2016 12:00:00 AM,3213094294,CARNICOS,PECUARIO,"CARNE, VISCERAS"
SANTANDER,TONA,ASOCIAICON DE CEBOLLEROS DE LOS SANTANDERES,900186710-3,11/17/2007 12:00:00 AM,3125127099,HORTALIZAS,AGRICOLA,CEBOLLA LARGA
SANTANDER,VALLE DE SAN JOSE,ASOCIACION DE MUJERES CAFETERAS DEL MUNICIPIO DE VALLE DE SAN JOSE ASOMUCAV,900700694-1,02/14/2014 12:00:00 AM,3187636625,"CULTIVAR Y PRODUCIR CAFÉ PERGAMINO SECO ,TOSTADO Y  MOLIDO.",AGRICOLA,CAFÉ
SANTANDER,VALLE DE SAN JOSE,AGROINDUSTRIA  GUACARI S.A..S,900740122-1,06/04/2014 12:00:00 AM,3183060706,PROCESAR Y COMERCIALIZAR CAFÉ,AGROCOLA,CAFÉ
SANTANDER,VALLE DE SAN JOSE,ASOCIACION DE PRODUCTORES  DEL VALLE DE SAN JOSE ASVALL,900935113-6,07/07/2010 12:00:00 AM,3115130278,PRODUCIR Y COMERCIALIZAR PRODUCTOS AGRICOLAS,AGROPECUARIA,OVINO/BOVINO
SANTANDER,VALLE DE SAN JOSE,ASOCIACION DE PANELEROS DEL FONCE ASOPROFONCE,804017484-2,07/02/2004 12:00:00 AM,3138880470,PRODUCIR Y COMERCIALIZAR PANELA,AGRICOLA,PANELA
SANTANDER,VELEZ,"ASOCIACION CULTIVADORES Y PROPCESADORES RURALES DE LA PROVINCIA DE VELEZ ""BIJAO VELEÑO""",900698539-8,02/14/2014 12:00:00 AM,3103057622,SIEMBRA Y PROCESAMIENTO BIJAO,AGRICOLA,EMPAQUE BOCADILLO DENOMINACION DE ORIGEN
SANTANDER,VELEZ,"ASOCIACION DE PRODUCTORES DE GUAYABA NATIVA DEL MUNICIPIO DE VELEZ ""GUAYAVEL""",900910959-7,11/20/2015 12:00:00 AM,3125317560,SIEMBRA DE GUYABA,AGRICOLA,GUAYABA
SANTANDER,VELEZ,ASOCIACION DE PRODUCTORES AGROINDUSTRIALES DEL OPON,901020418-9,10/10/2016 12:00:00 AM,3229443587,SIEMBRA CACAO,AGRICOLA,CHOCOLATE PARA CONSUMO Y CACAO EN GRANO
SANTANDER,VELEZ,"ASOCIACICION DE MUJERES ENPRENDEDORAS DE VELEZ ""ASMUVEL""",900675480-3,03/11/2013 12:00:00 AM,3134383991,AVICOLA Y AGRICOLA,AGRICOLA,"VERDURAS, HORTALIZAS, POLLO ENGORDE"
SANTANDER,VELEZ,"COPERATIVA DE PRODUCTORES AGRICOLAS NACIONAL ""COOPRONAL""",804009278-8,09/04/2002 12:00:00 AM,3112944507,PRODUCCION DE BANANITO Y CACAO,AGRICOLA,CACAO Y BANANITO
SANTANDER,VELEZ,COMITÉ DE GANADEROS DE LA PROVINCIA DE VELEZ,80400822-6,12/10/1998 12:00:00 AM,3214542875,"MEJORAMIENTO GENETICO, ASISTENCIA, GANADO DE CRIA, LEVANTE",PECUARIO,ANIMALES GENETICAMENTE MEJORADOS
SANTANDER,VETAS,AMUCAVE,804010044-3,06/30/1999 12:00:00 AM,3202138736,APICULTURA,PECUARIO,MIEL DE ABEJA
SANTANDER,VETAS,ASHIVE,900003964-3,05/09/1997 12:00:00 AM,3134927707,PRODUCCION FIBRA,AGRICOLA,HILANDERAS
SANTANDER,VETAS,ASOPRAVETS,804013343-4,05/27/2002 12:00:00 AM,3209995996,PISCICULTURA,PECUARIO,TRUCHA
SANTANDER,VETAS,AROSANTURBAN,900915839-4,01/05/2015 12:00:00 AM,3168965498,AROMATICAS,AGRICOLA,TISANAS (AROMATICAS)
SANTANDER,VILLANUEVA,ASOCIACION CAMPESINA VILLASUR,900760803-2,08/20/2014 12:00:00 AM,3209727861,HORTOFRUTÍCOLA,AGROPECUARIA,"GALLINA PONEDORA, AGUACATE, LIMON, MANDARINA"
SANTANDER,VILLANUEVA,ASOCIACION DE PRODUCTORES AGROPECUARIOS DE VILLANUEVA - ASOPRAVILLA,900815906-0,11/20/2014 12:00:00 AM,3118393783,HORTOFRUTÍCOLA,AGRICOLA,"AGUACATE, LIMON, MANDARINA, FRIJOL, NARANJA"
SANTANDER,ZAPATOCA,ASOCIACION MUTUAL DE PROSUMIDORES AGROECOLOGICOS AGROSOLIDARIA SECCIONAL ZAPATOCA SANTANDER,901077870 - 0,05/09/2017 12:00:00 AM,3107626413,AGRICULTURA FAMILIAR CAMPESINA,AGRICOLA,FRUTAS Y HORTALIZAS
SANTANDER,ZAPATOCA,ASOCIACION DE FRUTICULTORES DE ZAPATOCA,900153407-5,01/01/1900 12:00:00 AM,3144737138,AGROPECUARIO,AGRICOLA,FRUTAS Y HORTALIZAS
SANTANDER,ZAPATOCA,ASOCIACION DE PRODUCTORES DE LECHE DE ZAPATOCA,901137994-3,09/10/2017 12:00:00 AM,3116302530,ACOPIO DE LECHE CRUDA,PECUARIO,LECHE
